-- --------------------------------------------------------

--
-- Database: `opencart`
--

-- --------------------------------------------------------

SET sql_mode = '';
--
-- Table structure for table `oc_banner`
--

DROP TABLE IF EXISTS `oc_banner`;
CREATE TABLE IF NOT EXISTS `oc_banner` (
  `banner_id` int(11) NOT NULL AUTO_INCREMENT,
  `name` varchar(64) NOT NULL,
  `status` tinyint(1) NOT NULL,
  PRIMARY KEY (`banner_id`)
) ENGINE=MyISAM  DEFAULT CHARSET=utf8 AUTO_INCREMENT=16 ;

--
-- Dumping data for table `oc_banner`
--

DROP TABLE IF EXISTS `oc_banner`;
CREATE TABLE IF NOT EXISTS `oc_banner` (
  `banner_id` int(11) NOT NULL AUTO_INCREMENT,
  `name` varchar(64) NOT NULL,
  `status` tinyint(1) NOT NULL,
  PRIMARY KEY (`banner_id`)
) ENGINE=MyISAM  DEFAULT CHARSET=utf8 AUTO_INCREMENT=19 ;

--
-- Dumping data for table `oc_banner`
--

INSERT INTO `oc_banner` (`banner_id`, `name`, `status`) VALUES
(17, 'banner-bottom', 1),
(16, 'Slideshow', 1),
(14, 'banner-top', 1),
(18, 'banner-top-2', 1);

-- --------------------------------------------------------

--
-- Table structure for table `oc_banner_image`
--

DROP TABLE IF EXISTS `oc_banner_image`;
CREATE TABLE IF NOT EXISTS `oc_banner_image` (
  `banner_image_id` int(11) NOT NULL AUTO_INCREMENT,
  `banner_id` int(11) NOT NULL,
  `link` varchar(255) NOT NULL,
  `image` varchar(255) NOT NULL,
  `sort_order` int(3) NOT NULL DEFAULT '0',
  PRIMARY KEY (`banner_image_id`)
) ENGINE=MyISAM  DEFAULT CHARSET=utf8 AUTO_INCREMENT=206 ;

--
-- Dumping data for table `oc_banner_image`
--

INSERT INTO `oc_banner_image` (`banner_image_id`, `banner_id`, `link`, `image`, `sort_order`) VALUES
(205, 18, '', 'catalog/banner-3.png', 0),
(203, 14, 'index.php?route=product/category&amp;path=33', 'catalog/banner-1.png', 1),
(204, 17, 'index.php?route=product/category&amp;path=20', 'catalog/banner-2.png', 0),
(181, 16, '', 'catalog/slide-3.jpg', 0),
(180, 16, '', 'catalog/slide-2.jpg', 0),
(179, 16, '', 'catalog/slide-1.jpg', 0);

-- --------------------------------------------------------

--
-- Table structure for table `oc_banner_image_description`
--

DROP TABLE IF EXISTS `oc_banner_image_description`;
CREATE TABLE IF NOT EXISTS `oc_banner_image_description` (
  `banner_image_id` int(11) NOT NULL,
  `language_id` int(11) NOT NULL,
  `banner_id` int(11) NOT NULL,
  `title` varchar(64) NOT NULL,
  `description` longtext CHARACTER SET utf8 COLLATE utf8_bin NOT NULL,
  PRIMARY KEY (`banner_image_id`,`language_id`)
) ENGINE=MyISAM DEFAULT CHARSET=utf8;

--
-- Dumping data for table `oc_banner_image_description`
--

INSERT INTO `oc_banner_image_description` (`banner_image_id`, `language_id`, `banner_id`, `title`, `description`) VALUES
(99, 1, 9, 'slide-1', ''),
(100, 1, 9, 'slide-2', ''),
(101, 1, 9, 'slide-3', ''),
(99, 2, 9, 'slide-1', ''),
(100, 2, 9, 'slide-2', ''),
(101, 2, 9, 'slide-3', ''),
(99, 3, 9, 'slide-1', ''),
(100, 3, 9, 'slide-2', ''),
(101, 3, 9, 'slide-3', ''),
(205, 1, 18, 'banner-2', '&lt;div class=&quot;s-desc_cnt&quot;&gt;\r\n	&lt;p&gt;&lt;span&gt;Exquisite spices&lt;/span&gt; and seasonings&lt;/p&gt;\r\n	&lt;h2&gt;save 20% on &lt;span&gt;more than&lt;/span&gt; &lt;br&gt;items this month &lt;em&gt;85&lt;/em&gt;&lt;/h2&gt;\r\n	&lt;a href=&quot;index.php?route=product/category&amp;path=25&quot; class=&quot;link&quot;&gt;click here&lt;/a&gt;\r\n&lt;/div&gt;'),
(203, 3, 14, 'banner-1', '&lt;div class=&quot;s-desc_cnt&quot;&gt;\r\n	&lt;h2&gt;We have &lt;br&gt;more than &lt;em&gt;50&lt;/em&gt;&lt;br&gt;&lt;span&gt;herbs &amp;amp; &lt;br&gt;spices&lt;/span&gt;&lt;/h2&gt;\r\n	&lt;span class=&quot;link&quot;&gt;click here&lt;/span&gt;\r\n&lt;/div&gt;'),
(203, 1, 14, 'banner-1', '&lt;div class=&quot;s-desc_cnt&quot;&gt;\r\n	&lt;h2&gt;We have &lt;br&gt;more than &lt;em&gt;50&lt;/em&gt;&lt;br&gt;&lt;span&gt;herbs &amp;amp; &lt;br&gt;spices&lt;/span&gt;&lt;/h2&gt;\r\n	&lt;span class=&quot;link&quot;&gt;click here&lt;/span&gt;\r\n&lt;/div&gt;'),
(203, 2, 14, 'banner-1', '&lt;div class=&quot;s-desc_cnt&quot;&gt;\r\n	&lt;h2&gt;We have &lt;br&gt;more than &lt;em&gt;50&lt;/em&gt;&lt;br&gt;&lt;span&gt;herbs &amp;amp; &lt;br&gt;spices&lt;/span&gt;&lt;/h2&gt;\r\n	&lt;span class=&quot;link&quot;&gt;click here&lt;/span&gt;\r\n&lt;/div&gt;'),
(205, 2, 18, 'banner-2', '&lt;div class=&quot;s-desc_cnt&quot;&gt;\r\n	&lt;p&gt;&lt;span&gt;Exquisite spices&lt;/span&gt; and seasonings&lt;/p&gt;\r\n	&lt;h2&gt;save 20% on &lt;span&gt;more than&lt;/span&gt; &lt;br&gt;items this month &lt;em&gt;85&lt;/em&gt;&lt;/h2&gt;\r\n	&lt;a href=&quot;index.php?route=product/category&amp;path=25&quot; class=&quot;link&quot;&gt;click here&lt;/a&gt;\r\n&lt;/div&gt;'),
(205, 3, 18, 'banner-2', '&lt;div class=&quot;s-desc_cnt&quot;&gt;\r\n	&lt;p&gt;&lt;span&gt;Exquisite spices&lt;/span&gt; and seasonings&lt;/p&gt;\r\n	&lt;h2&gt;save 20% on &lt;span&gt;more than&lt;/span&gt; &lt;br&gt;items this month &lt;em&gt;85&lt;/em&gt;&lt;/h2&gt;\r\n	&lt;a href=&quot;index.php?route=product/category&amp;path=25&quot; class=&quot;link&quot;&gt;click here&lt;/a&gt;\r\n&lt;/div&gt;'),
(204, 1, 17, 'banner-3', '&lt;div class=&quot;s-desc_cnt&quot;&gt;\r\n	&lt;p&gt;Everything you lacked for&lt;/p&gt;\r\n	&lt;em&gt;cooking&lt;/em&gt;\r\n&lt;/div&gt;\r\n&lt;div class=&quot;s-desc_aside&quot;&gt;\r\n	&lt;p&gt;&lt;span&gt;Free &lt;br&gt;shipping&lt;/span&gt; on orders over $99&lt;/p&gt;\r\n&lt;/div&gt;'),
(181, 3, 16, 'slide-3', ''),
(204, 3, 17, 'banner-3', '&lt;div class=&quot;s-desc_cnt&quot;&gt;\r\n	&lt;p&gt;Everything you lacked for&lt;/p&gt;\r\n	&lt;em&gt;cooking&lt;/em&gt;\r\n&lt;/div&gt;\r\n&lt;div class=&quot;s-desc_aside&quot;&gt;\r\n	&lt;p&gt;&lt;span&gt;Free &lt;br&gt;shipping&lt;/span&gt; on orders over $99&lt;/p&gt;\r\n&lt;/div&gt;'),
(204, 2, 17, 'banner-3', '&lt;div class=&quot;s-desc_cnt&quot;&gt;\r\n	&lt;p&gt;Everything you lacked for&lt;/p&gt;\r\n	&lt;em&gt;cooking&lt;/em&gt;\r\n&lt;/div&gt;\r\n&lt;div class=&quot;s-desc_aside&quot;&gt;\r\n	&lt;p&gt;&lt;span&gt;Free &lt;br&gt;shipping&lt;/span&gt; on orders over $99&lt;/p&gt;\r\n&lt;/div&gt;'),
(180, 2, 16, 'slide-2', ''),
(180, 3, 16, 'slide-2', ''),
(181, 1, 16, 'slide-3', ''),
(181, 2, 16, 'slide-3', ''),
(179, 1, 16, 'slide-1', ''),
(179, 2, 16, 'slide-1', ''),
(179, 3, 16, 'slide-1', ''),
(180, 1, 16, 'slide-2', '');

-- --------------------------------------------------------

--
-- Table structure for table `oc_extension`
--

DROP TABLE IF EXISTS `oc_extension`;
CREATE TABLE IF NOT EXISTS `oc_extension` (
  `extension_id` int(11) NOT NULL AUTO_INCREMENT,
  `type` varchar(32) NOT NULL,
  `code` varchar(32) NOT NULL,
  PRIMARY KEY (`extension_id`)
) ENGINE=MyISAM  DEFAULT CHARSET=utf8 AUTO_INCREMENT=473 ;

--
-- Dumping data for table `oc_extension`
--

INSERT INTO `oc_extension` (`extension_id`, `type`, `code`) VALUES
(23, 'payment', 'cod'),
(22, 'total', 'shipping'),
(57, 'total', 'sub_total'),
(58, 'total', 'tax'),
(59, 'total', 'total'),
(410, 'module', 'banner'),
(390, 'total', 'credit'),
(387, 'shipping', 'flat'),
(349, 'total', 'handling'),
(350, 'total', 'low_order_fee'),
(389, 'total', 'coupon'),
(432, 'module', 'tm_fbbox'),
(408, 'module', 'account'),
(393, 'total', 'reward'),
(398, 'total', 'voucher'),
(407, 'payment', 'free_checkout'),
(427, 'module', 'featured'),
(471, 'module', 'html'),
(433, 'module', 'bestseller'),
(434, 'module', 'latest'),
(435, 'module', 'special'),
(436, 'module', 'affiliate'),
(437, 'module', 'information'),
(438, 'module', 'tm_slideshow'),
(442, 'module', 'tm_google_map'),
(440, 'module', 'olark'),
(458, 'module', 'filter'),
(460, 'module', 'tm_module_tab'),
(467, 'module', 'tm_blog_articles'),
(469, 'module', 'tm_blog_category'),
(472, 'module', 'tm_newsletter_popup');

-- --------------------------------------------------------

--
-- Table structure for table `oc_layout`
--

DROP TABLE IF EXISTS `oc_layout`;
CREATE TABLE IF NOT EXISTS `oc_layout` (
  `layout_id` int(11) NOT NULL AUTO_INCREMENT,
  `name` varchar(64) NOT NULL,
  PRIMARY KEY (`layout_id`)
) ENGINE=MyISAM  DEFAULT CHARSET=utf8 AUTO_INCREMENT=15 ;

--
-- Dumping data for table `oc_layout`
--

INSERT INTO `oc_layout` (`layout_id`, `name`) VALUES
(1, 'Home'),
(2, 'Product'),
(3, 'Category'),
(4, 'Default'),
(5, 'Manufacturer'),
(6, 'Account'),
(7, 'Checkout'),
(8, 'Contact'),
(9, 'Sitemap'),
(10, 'Affiliate'),
(11, 'Information'),
(12, 'Compare'),
(13, 'Search'),
(14, 'Blog');

-- --------------------------------------------------------

--
-- Table structure for table `oc_layout_module`
--

DROP TABLE IF EXISTS `oc_layout_module`;
CREATE TABLE IF NOT EXISTS `oc_layout_module` (
  `layout_module_id` int(11) NOT NULL AUTO_INCREMENT,
  `layout_id` int(11) NOT NULL,
  `code` varchar(64) NOT NULL,
  `position` varchar(14) NOT NULL,
  `sort_order` int(3) NOT NULL,
  PRIMARY KEY (`layout_module_id`)
) ENGINE=MyISAM  DEFAULT CHARSET=utf8 AUTO_INCREMENT=973 ;

--
-- Dumping data for table `oc_layout_module`
--

INSERT INTO `oc_layout_module` (`layout_module_id`, `layout_id`, `code`, `position`, `sort_order`) VALUES
(926, 12, 'olark.50', 'footer_top', 1),
(921, 3, 'filter', 'column_left', 1),
(910, 10, 'bestseller.43', 'column_left', 2),
(909, 10, 'olark.50', 'footer_top', 1),
(942, 13, 'olark.50', 'footer_top', 1),
(972, 5, 'tm_fbbox.42', 'footer_top', 2),
(933, 11, 'olark.50', 'footer_top', 1),
(939, 2, 'olark.50', 'footer_top', 1),
(916, 14, 'tm_blog_category.90', 'column_left', 0),
(906, 6, 'olark.50', 'footer_top', 1),
(908, 10, 'affiliate', 'column_left', 1),
(924, 7, 'olark.50', 'footer_top', 1),
(928, 8, 'tm_google_map.54', 'content_top', 0),
(931, 4, 'olark.50', 'footer_top', 1),
(970, 5, 'account', 'column_left', 1),
(941, 13, 'bestseller.43', 'column_left', 1),
(945, 9, 'olark.50', 'footer_top', 1),
(920, 3, 'featured.28', 'column_left', 1),
(919, 3, 'olark.50', 'footer_top', 1),
(961, 1, 'featured.51', 'content_top', 3),
(962, 1, 'tm_slideshow.46', 'header_top', 1),
(960, 1, 'tm_fbbox.42', 'footer_top', 2),
(957, 1, 'banner.93', 'content_top', 4),
(958, 1, 'banner.94', 'content_top', 2),
(917, 14, 'tm_fbbox.42', 'footer_top', 2),
(959, 1, 'tm_google_map.54', 'footer_bottom', 1),
(956, 1, 'tm_newsletter_popup.95', 'content_top', 5),
(907, 6, 'tm_fbbox.42', 'footer_top', 2),
(911, 10, 'tm_fbbox.42', 'footer_top', 2),
(915, 14, 'tm_blog_articles.91', 'column_left', 1),
(918, 14, 'olark.50', 'footer_top', 1),
(922, 3, 'bestseller.43', 'column_left', 2),
(923, 3, 'tm_fbbox.42', 'footer_top', 2),
(925, 7, 'tm_fbbox.42', 'footer_top', 2),
(927, 12, 'tm_fbbox.42', 'footer_top', 2),
(929, 8, 'olark.50', 'footer_top', 1),
(930, 8, 'tm_fbbox.42', 'footer_top', 2),
(932, 4, 'tm_fbbox.42', 'footer_top', 2),
(934, 11, 'tm_fbbox.42', 'footer_top', 2),
(971, 5, 'latest.69', 'column_left', 2),
(940, 2, 'tm_fbbox.42', 'footer_top', 2),
(943, 13, 'latest.69', 'column_left', 2),
(944, 13, 'tm_fbbox.42', 'footer_top', 2),
(946, 9, 'tm_fbbox.42', 'footer_top', 2),
(963, 1, 'banner.33', 'content_top', 1),
(964, 1, 'olark.50', 'footer_top', 1),
(969, 5, 'olark.50', 'footer_top', 1);

-- --------------------------------------------------------

--
-- Table structure for table `oc_layout_route`
--

DROP TABLE IF EXISTS `oc_layout_route`;
CREATE TABLE IF NOT EXISTS `oc_layout_route` (
  `layout_route_id` int(11) NOT NULL AUTO_INCREMENT,
  `layout_id` int(11) NOT NULL,
  `store_id` int(11) NOT NULL,
  `route` varchar(255) NOT NULL,
  PRIMARY KEY (`layout_route_id`)
) ENGINE=MyISAM  DEFAULT CHARSET=utf8 AUTO_INCREMENT=278 ;

--
-- Dumping data for table `oc_layout_route`
--

INSERT INTO `oc_layout_route` (`layout_route_id`, `layout_id`, `store_id`, `route`) VALUES
(254, 6, 0, 'account/%'),
(255, 10, 0, 'affiliate/%'),
(264, 3, 0, 'product/category'),
(275, 1, 0, 'common/home'),
(271, 2, 0, 'product/product'),
(269, 11, 0, 'information/information'),
(265, 7, 0, 'checkout/%'),
(267, 8, 0, 'information/contact'),
(273, 9, 0, 'information/sitemap'),
(268, 4, 0, ''),
(277, 5, 0, 'product/manufacturer'),
(266, 12, 0, 'product/compare'),
(272, 13, 0, 'product/search'),
(262, 14, 0, 'simple_blog/author'),
(261, 14, 0, 'simple_blog/article'),
(260, 14, 0, 'simple_blog/category'),
(263, 14, 0, 'simple_blog/search');

-- --------------------------------------------------------

--
-- Table structure for table `oc_module`
--

DROP TABLE IF EXISTS `oc_module`;
CREATE TABLE IF NOT EXISTS `oc_module` (
  `module_id` int(11) NOT NULL AUTO_INCREMENT,
  `name` varchar(64) NOT NULL,
  `code` varchar(32) NOT NULL,
  `setting` text NOT NULL,
  PRIMARY KEY (`module_id`)
) ENGINE=MyISAM  DEFAULT CHARSET=utf8 AUTO_INCREMENT=96 ;

--
-- Dumping data for table `oc_module`
--

INSERT INTO `oc_module` (`module_id`, `name`, `code`, `setting`) VALUES
(33, 'banner-top', 'banner', 'a:5:{s:4:"name";s:10:"banner-top";s:9:"banner_id";s:2:"14";s:5:"width";s:4:"1331";s:6:"height";s:3:"541";s:6:"status";s:1:"1";}'),
(28, 'Featured  Aside', 'featured', 'a:6:{s:4:"name";s:15:"Featured  Aside";s:7:"product";a:8:{i:0;s:2:"43";i:1;s:2:"40";i:2;s:2:"30";i:3;s:2:"42";i:4;s:2:"33";i:5;s:2:"46";i:6;s:2:"32";i:7;s:2:"28";}s:5:"limit";s:1:"1";s:5:"width";s:3:"270";s:6:"height";s:3:"270";s:6:"status";s:1:"1";}'),
(51, 'Featured Home', 'featured', 'a:6:{s:4:"name";s:13:"Featured Home";s:7:"product";a:8:{i:0;s:2:"33";i:1;s:2:"35";i:2;s:2:"28";i:3;s:2:"47";i:4;s:2:"43";i:5;s:2:"45";i:6;s:2:"48";i:7;s:2:"34";}s:5:"limit";s:1:"8";s:5:"width";s:3:"270";s:6:"height";s:3:"270";s:6:"status";s:1:"1";}'),
(46, 'Tm Slideshow', 'tm_slideshow', 'a:5:{s:4:"name";s:12:"Tm Slideshow";s:9:"banner_id";s:2:"16";s:5:"width";s:4:"2050";s:6:"height";s:4:"1272";s:6:"status";s:1:"1";}'),
(50, 'Olark Chat', 'olark', 'a:4:{s:4:"name";s:10:"Olark Chat";s:13:"olark_version";s:5:"2.0.0";s:13:"olark_site_id";s:16:"7830-582-10-3714";s:6:"status";s:1:"1";}'),
(42, 'Facebook', 'tm_fbbox', 'a:10:{s:4:"name";s:8:"Facebook";s:8:"page_url";s:40:"https://www.facebook.com/TemplateMonster";s:6:"app_id";s:15:"734741803247761";s:13:"show_facepile";s:4:"true";s:2:"bg";s:5:"false";s:10:"show_posts";s:4:"true";s:5:"width";s:3:"295";s:6:"height";s:3:"214";s:8:"language";s:5:"en_US";s:6:"status";s:1:"1";}'),
(43, 'Bestsellers Aside', 'bestseller', 'a:5:{s:4:"name";s:17:"Bestsellers Aside";s:5:"limit";s:1:"1";s:5:"width";s:3:"270";s:6:"height";s:3:"270";s:6:"status";s:1:"1";}'),
(48, 'Specials Home', 'special', 'a:5:{s:4:"name";s:13:"Specials Home";s:5:"limit";s:1:"5";s:5:"width";s:3:"270";s:6:"height";s:3:"270";s:6:"status";s:1:"1";}'),
(54, 'Google Map', 'tm_google_map', 'a:16:{s:4:"name";s:10:"Google Map";s:17:"tm_google_map_key";s:0:"";s:6:"status";s:1:"1";s:18:"tm_google_map_zoom";s:2:"14";s:18:"tm_google_map_type";s:1:"1";s:20:"tm_google_map_sensor";s:4:"true";s:19:"tm_google_map_width";s:4:"100%";s:20:"tm_google_map_height";s:5:"421px";s:20:"tm_google_map_styles";s:2291:"                                                                                                                                                                                                                                                                                                                                                                                    [{&quot;featureType&quot;:&quot;landscape&quot;,&quot;stylers&quot;:[{&quot;saturation&quot;:-100},{&quot;lightness&quot;:65},{&quot;visibility&quot;:&quot;on&quot;}]},{&quot;featureType&quot;:&quot;poi&quot;,&quot;stylers&quot;:[{&quot;saturation&quot;:-100},{&quot;lightness&quot;:51},{&quot;visibility&quot;:&quot;simplified&quot;}]},{&quot;featureType&quot;:&quot;road.highway&quot;,&quot;stylers&quot;:[{&quot;saturation&quot;:-100},{&quot;visibility&quot;:&quot;simplified&quot;}]},{&quot;featureType&quot;:&quot;road.arterial&quot;,&quot;stylers&quot;:[{&quot;saturation&quot;:-100},{&quot;lightness&quot;:30},{&quot;visibility&quot;:&quot;on&quot;}]},{&quot;featureType&quot;:&quot;road.local&quot;,&quot;stylers&quot;:[{&quot;saturation&quot;:-100},{&quot;lightness&quot;:40},{&quot;visibility&quot;:&quot;on&quot;}]},{&quot;featureType&quot;:&quot;transit&quot;,&quot;stylers&quot;:[{&quot;saturation&quot;:-100},{&quot;visibility&quot;:&quot;simplified&quot;}]},{&quot;featureType&quot;:&quot;administrative.province&quot;,&quot;stylers&quot;:[{&quot;visibility&quot;:&quot;off&quot;}]},{&quot;featureType&quot;:&quot;water&quot;,&quot;elementType&quot;:&quot;labels&quot;,&quot;stylers&quot;:[{&quot;visibility&quot;:&quot;on&quot;},{&quot;lightness&quot;:-25},{&quot;saturation&quot;:-100}]},{&quot;featureType&quot;:&quot;water&quot;,&quot;elementType&quot;:&quot;geometry&quot;,&quot;stylers&quot;:[{&quot;hue&quot;:&quot;#ffff00&quot;},{&quot;lightness&quot;:-25},{&quot;saturation&quot;:-97}]}]                                                                                                                                                                                                                                                                                                                                                                                                                        ";s:24:"tm_google_map_disable_ui";s:5:"false";s:25:"tm_google_map_scrollwheel";s:5:"false";s:23:"tm_google_map_draggable";s:4:"true";s:20:"tm_google_map_marker";s:22:"catalog/marker_map.png";s:27:"tm_google_map_marker_active";s:29:"catalog/marker_map_active.png";s:26:"tm_google_map_marker_width";s:2:"54";s:27:"tm_google_map_marker_height";s:2:"72";}'),
(66, 'BestSellers Home', 'bestseller', 'a:5:{s:4:"name";s:16:"BestSellers Home";s:5:"limit";s:1:"4";s:5:"width";s:3:"270";s:6:"height";s:3:"270";s:6:"status";s:1:"1";}'),
(67, 'Specials Aside', 'special', 'a:5:{s:4:"name";s:14:"Specials Aside";s:5:"limit";s:1:"1";s:5:"width";s:3:"270";s:6:"height";s:3:"270";s:6:"status";s:1:"1";}'),
(68, 'Latest Home', 'latest', 'a:5:{s:4:"name";s:11:"Latest Home";s:5:"limit";s:1:"4";s:5:"width";s:3:"270";s:6:"height";s:3:"270";s:6:"status";s:1:"1";}'),
(69, 'Latest Aside', 'latest', 'a:5:{s:4:"name";s:12:"Latest Aside";s:5:"limit";s:1:"1";s:5:"width";s:3:"270";s:6:"height";s:3:"270";s:6:"status";s:1:"1";}'),
(78, 'tabs', 'tm_module_tab', 'a:10:{s:4:"name";s:4:"tabs";s:7:"special";s:1:"1";s:10:"bestseller";s:1:"1";s:6:"latest";s:1:"1";s:8:"featured";s:1:"1";s:7:"product";a:4:{i:0;s:2:"35";i:1;s:2:"33";i:2;s:2:"28";i:3;s:2:"47";}s:5:"limit";s:1:"5";s:5:"width";s:3:"270";s:6:"height";s:3:"270";s:6:"status";s:1:"1";}'),
(90, 'Blog Categories', 'tm_blog_category', 'a:3:{s:6:"status";s:1:"1";s:4:"name";s:15:"Blog Categories";s:23:"category_search_article";s:1:"1";}'),
(91, 'Blog Popular Articles', 'tm_blog_articles', 'a:12:{s:6:"status";s:1:"1";s:4:"name";s:21:"Blog Popular Articles";s:13:"article_limit";s:1:"3";s:13:"show_readmore";s:1:"0";s:9:"show_date";s:1:"0";s:11:"show_author";s:1:"0";s:13:"show_comments";s:1:"0";s:10:"show_image";s:1:"0";s:11:"image_width";s:1:"0";s:12:"image_height";s:1:"0";s:17:"description_limit";s:3:"150";s:11:"category_id";s:7:"popular";}'),
(93, 'banner-bottom', 'banner', 'a:5:{s:4:"name";s:13:"banner-bottom";s:9:"banner_id";s:2:"17";s:5:"width";s:4:"1331";s:6:"height";s:3:"325";s:6:"status";s:1:"1";}'),
(94, 'banner-top-2', 'banner', 'a:5:{s:4:"name";s:12:"banner-top-2";s:9:"banner_id";s:2:"18";s:5:"width";s:4:"1331";s:6:"height";s:3:"310";s:6:"status";s:1:"1";}'),
(95, 'TM Newsletter Popup', 'tm_newsletter_popup', 'a:7:{s:4:"name";s:19:"TM Newsletter Popup";s:19:"newsletter_popup_bg";s:25:"catalog/newsletter-bg.jpg";s:25:"newsletter_popup_bg_width";s:3:"721";s:26:"newsletter_popup_bg_height";s:3:"622";s:23:"newsletter_popup_cookie";s:1:"1";s:31:"tm_newsletter_popup_description";a:3:{i:1;a:2:{s:5:"title";s:27:"Subscribe to our newsletter";s:11:"description";s:146:"Sign up for our exclusive email list and be the first to know \r\nabout new products, special offers, store events and other \r\ndiscount information.";}i:2;a:2:{s:5:"title";s:27:"Subscribe to our newsletter";s:11:"description";s:146:"Sign up for our exclusive email list and be the first to know \r\nabout new products, special offers, store events and other \r\ndiscount information.";}i:3;a:2:{s:5:"title";s:27:"Subscribe to our newsletter";s:11:"description";s:146:"Sign up for our exclusive email list and be the first to know \r\nabout new products, special offers, store events and other \r\ndiscount information.";}}s:6:"status";s:1:"1";}');

-- --------------------------------------------------------

--
-- Table structure for table `oc_simple_blog_article`
--

DROP TABLE IF EXISTS `oc_simple_blog_article`;
CREATE TABLE IF NOT EXISTS `oc_simple_blog_article` (
  `simple_blog_article_id` int(16) NOT NULL AUTO_INCREMENT,
  `simple_blog_author_id` int(16) NOT NULL,
  `allow_comment` tinyint(1) NOT NULL,
  `image` mediumtext NOT NULL,
  `featured_image` mediumtext NOT NULL,
  `article_related_method` varchar(64) NOT NULL,
  `article_related_option` mediumtext NOT NULL,
  `sort_order` int(8) NOT NULL,
  `status` tinyint(1) NOT NULL,
  `date_added` datetime NOT NULL,
  `date_modified` datetime NOT NULL,
  PRIMARY KEY (`simple_blog_article_id`)
) ENGINE=MyISAM  DEFAULT CHARSET=utf8 AUTO_INCREMENT=11 ;

--
-- Dumping data for table `oc_simple_blog_article`
--

INSERT INTO `oc_simple_blog_article` (`simple_blog_article_id`, `simple_blog_author_id`, `allow_comment`, `image`, `featured_image`, `article_related_method`, `article_related_option`, `sort_order`, `status`, `date_added`, `date_modified`) VALUES
(1, 1, 1, '', 'catalog/blog/post-1.jpg', 'product_wise', '', 0, 1, '2015-09-16 17:26:55', '2015-09-28 17:10:13'),
(2, 1, 1, '', 'catalog/blog/post-2.jpg', 'product_wise', '', 1, 1, '2015-09-17 10:25:42', '2015-09-28 17:12:45'),
(3, 2, 1, '', 'catalog/blog/post-3.jpg', 'category_wise', 'a:1:{s:13:"category_wise";a:1:{i:0;s:2:"25";}}', 2, 1, '2015-09-17 10:28:08', '2015-09-28 17:14:21'),
(4, 3, 0, '', 'catalog/blog/post-4.jpg', 'manufacturer_wise', 'a:1:{s:17:"manufacturer_wise";a:2:{i:0;s:1:"9";i:1;s:1:"6";}}', 3, 1, '2015-09-21 16:51:28', '2015-09-29 10:36:04'),
(5, 3, 1, '', 'catalog/blog/post-5.jpg', 'category_wise', 'a:1:{s:13:"category_wise";a:1:{i:0;s:2:"25";}}', 4, 1, '2015-09-21 16:53:36', '2015-09-29 10:34:25'),
(6, 4, 1, '', 'catalog/blog/post-6.jpg', 'product_wise', '', 5, 1, '2015-09-21 16:55:11', '2015-09-29 10:35:57'),
(7, 4, 1, '', 'catalog/blog/post-7.jpg', 'product_wise', '', 6, 1, '2015-09-21 16:57:06', '2015-09-29 10:35:49'),
(8, 2, 1, '', 'catalog/blog/post-8.jpg', 'product_wise', '', 7, 1, '2015-09-21 16:59:22', '2015-09-29 10:35:41'),
(9, 1, 1, '', 'catalog/blog/post-9.jpg', 'product_wise', '', 8, 1, '2015-09-21 17:01:01', '2015-09-29 10:35:34');

-- --------------------------------------------------------

--
-- Table structure for table `oc_simple_blog_article_description`
--

DROP TABLE IF EXISTS `oc_simple_blog_article_description`;
CREATE TABLE IF NOT EXISTS `oc_simple_blog_article_description` (
  `simple_blog_article_description_id` int(16) NOT NULL AUTO_INCREMENT,
  `simple_blog_article_id` int(16) NOT NULL,
  `language_id` int(16) NOT NULL,
  `article_title` varchar(256) NOT NULL,
  `description` mediumtext NOT NULL,
  `meta_description` varchar(256) NOT NULL,
  `meta_keyword` varchar(256) NOT NULL,
  PRIMARY KEY (`simple_blog_article_description_id`)
) ENGINE=MyISAM  DEFAULT CHARSET=utf8 AUTO_INCREMENT=175 ;

--
-- Dumping data for table `oc_simple_blog_article_description`
--

INSERT INTO `oc_simple_blog_article_description` (`simple_blog_article_description_id`, `simple_blog_article_id`, `language_id`, `article_title`, `description`, `meta_description`, `meta_keyword`) VALUES
(122, 2, 2, 'Believe in the Business of Your Dreams', '&lt;p&gt;What is stopping you from believing in the business of your dreams? Insecurity? Fear? Lack of confidence? All of the above? How can you overcome these obstructions?&lt;/p&gt;\r\n&lt;p&gt;&lt;strong&gt;Your Mantras&lt;/strong&gt;&lt;/p&gt;\r\n\r\n&lt;p&gt;You may be wondering if you have the necessary skills, time, connections, and a million other things in order to create the business of your dreams. If you let your uncertainty and insecurity overpower you, you won''t ever be able to unleash your true business potential. To unlock the positive forces of your creativity and drive that will yield amazing results, make these your mantras:\r\n&quot;I will abandon all negative thoughts that prevent me from realizing my business objectives.&quot;\r\n&quot;I will focus my energy on growing the business of my dreams.&quot;&lt;/p&gt;\r\n&lt;p&gt;&lt;strong&gt;A Dreamer and a Doer&lt;/strong&gt;&lt;/p&gt;\r\n&lt;p&gt;It is important to take time to develop your vision; and your practical thinking should be geared to this vision. You need to work with conviction. Being a dreamer does not mean that you can''t also be a doer. In fact, having a dream is the starting point for building your dream business. The problem starts when you stop there instead of setting realizable immediate targets. Success cannot come from one day to the next. So you need to build your dream business bit by bit. When your dreams begin to be transformed into reality thanks to your actions, you become aware of the power you possess for catalyzing success; and this further strengthens your determination to reach every single one of your business goals.&lt;/p&gt;\r\n&lt;p&gt;&lt;strong&gt;Make It Happen&lt;/strong&gt;&lt;/p&gt;\r\n\r\n&lt;p&gt;Nothing can happen without tenacity, fortitude, and courage. Be bold enough to make choices; don''t just let things happen to you. Though you cannot have control over everything, you can focus on what you can handle and influence with your actions in a given situation. You have the power to make decisions that will move your business forward. You should not feel daunted by your lack of knowledge of business strategies either. You learn and grow while building your business. No women entrepreneur/mompreneur possesses absolute knowledge; there are so many examples of hugely successful businesswomen who started out without having any clue about business promotion techniques. Their motivation to learn, their unwavering belief that they could create the business of their dreams, and their steadfastness were key factors for their success.\r\n&lt;/p&gt;', '', ''),
(123, 2, 3, 'Believe in the Business of Your Dreams', '&lt;p&gt;What is stopping you from believing in the business of your dreams? Insecurity? Fear? Lack of confidence? All of the above? How can you overcome these obstructions?&lt;/p&gt;\r\n&lt;p&gt;&lt;strong&gt;Your Mantras&lt;/strong&gt;&lt;/p&gt;\r\n\r\n&lt;p&gt;You may be wondering if you have the necessary skills, time, connections, and a million other things in order to create the business of your dreams. If you let your uncertainty and insecurity overpower you, you won''t ever be able to unleash your true business potential. To unlock the positive forces of your creativity and drive that will yield amazing results, make these your mantras:\r\n&quot;I will abandon all negative thoughts that prevent me from realizing my business objectives.&quot;\r\n&quot;I will focus my energy on growing the business of my dreams.&quot;&lt;/p&gt;\r\n&lt;p&gt;&lt;strong&gt;A Dreamer and a Doer&lt;/strong&gt;&lt;/p&gt;\r\n&lt;p&gt;It is important to take time to develop your vision; and your practical thinking should be geared to this vision. You need to work with conviction. Being a dreamer does not mean that you can''t also be a doer. In fact, having a dream is the starting point for building your dream business. The problem starts when you stop there instead of setting realizable immediate targets. Success cannot come from one day to the next. So you need to build your dream business bit by bit. When your dreams begin to be transformed into reality thanks to your actions, you become aware of the power you possess for catalyzing success; and this further strengthens your determination to reach every single one of your business goals.&lt;/p&gt;\r\n&lt;p&gt;&lt;strong&gt;Make It Happen&lt;/strong&gt;&lt;/p&gt;\r\n\r\n&lt;p&gt;Nothing can happen without tenacity, fortitude, and courage. Be bold enough to make choices; don''t just let things happen to you. Though you cannot have control over everything, you can focus on what you can handle and influence with your actions in a given situation. You have the power to make decisions that will move your business forward. You should not feel daunted by your lack of knowledge of business strategies either. You learn and grow while building your business. No women entrepreneur/mompreneur possesses absolute knowledge; there are so many examples of hugely successful businesswomen who started out without having any clue about business promotion techniques. Their motivation to learn, their unwavering belief that they could create the business of their dreams, and their steadfastness were key factors for their success.\r\n&lt;/p&gt;', '', ''),
(172, 4, 1, 'How to increase customer flow', '&lt;p&gt;Many students are cash-strapped, nowadays. Nevertheless, their purchasing power is very high. Research reveals that 20 million students in the US have a combined disposable income of $417 billion. Moreover, another survey of students'' parents reveals that students now make 70 percent of their purchases themselves. These purchases are often made on credit cards. Therefore, students often have a significantly higher purchasing power.&lt;/p&gt;\r\n\r\n\r\n\r\n&lt;p&gt;If you know this, you can utilize it to capture the attention of the 16-24 age demographic. However, it is essential for your product or service to appeal to the lifestyle of the students. Additionally, student ambassadors should be utilized to spread the word about your product or service to their friends and classmates.&lt;/p&gt;\r\n\r\n\r\n\r\n&lt;p&gt;If you have not yet considered this demographic, it is time to reach out to them now!\r\nSocial media is a popular method for socialization and communication between many young people. Students are the majority users of social networking sites like Facebook and Twitter. These are the right places to introduce brands to young people.It is probably the right place to introduce a brand to them. To capture the student audience, it is essential to be a part of the conversation; it is also important to keep them engaged. Social media is the ideal platform for this.&lt;/p&gt;\r\n\r\n&lt;p&gt;However, studies state that half of these social media savvy youngsters fail to follow brands on social networking sites. Students who do follow often only show temporary, marginal support. Social media is definitely a great platform for engaging students and spreading the word. However, it is definitely not the best for brand introduction and recognition.&lt;/p&gt;', '', ''),
(173, 4, 2, 'How to increase customer flow', '&lt;p&gt;Many students are cash-strapped, nowadays. Nevertheless, their purchasing power is very high. Research reveals that 20 million students in the US have a combined disposable income of $417 billion. Moreover, another survey of students'' parents reveals that students now make 70 percent of their purchases themselves. These purchases are often made on credit cards. Therefore, students often have a significantly higher purchasing power.&lt;/p&gt;\r\n\r\n\r\n\r\n&lt;p&gt;If you know this, you can utilize it to capture the attention of the 16-24 age demographic. However, it is essential for your product or service to appeal to the lifestyle of the students. Additionally, student ambassadors should be utilized to spread the word about your product or service to their friends and classmates.&lt;/p&gt;\r\n\r\n\r\n\r\n&lt;p&gt;If you have not yet considered this demographic, it is time to reach out to them now!\r\nSocial media is a popular method for socialization and communication between many young people. Students are the majority users of social networking sites like Facebook and Twitter. These are the right places to introduce brands to young people.It is probably the right place to introduce a brand to them. To capture the student audience, it is essential to be a part of the conversation; it is also important to keep them engaged. Social media is the ideal platform for this.&lt;/p&gt;\r\n\r\n&lt;p&gt;However, studies state that half of these social media savvy youngsters fail to follow brands on social networking sites. Students who do follow often only show temporary, marginal support. Social media is definitely a great platform for engaging students and spreading the word. However, it is definitely not the best for brand introduction and recognition.&lt;/p&gt;', '', ''),
(174, 4, 3, 'How to increase customer flow', '&lt;p&gt;Many students are cash-strapped, nowadays. Nevertheless, their purchasing power is very high. Research reveals that 20 million students in the US have a combined disposable income of $417 billion. Moreover, another survey of students'' parents reveals that students now make 70 percent of their purchases themselves. These purchases are often made on credit cards. Therefore, students often have a significantly higher purchasing power.&lt;/p&gt;\r\n\r\n\r\n\r\n&lt;p&gt;If you know this, you can utilize it to capture the attention of the 16-24 age demographic. However, it is essential for your product or service to appeal to the lifestyle of the students. Additionally, student ambassadors should be utilized to spread the word about your product or service to their friends and classmates.&lt;/p&gt;\r\n\r\n\r\n\r\n&lt;p&gt;If you have not yet considered this demographic, it is time to reach out to them now!\r\nSocial media is a popular method for socialization and communication between many young people. Students are the majority users of social networking sites like Facebook and Twitter. These are the right places to introduce brands to young people.It is probably the right place to introduce a brand to them. To capture the student audience, it is essential to be a part of the conversation; it is also important to keep them engaged. Social media is the ideal platform for this.&lt;/p&gt;\r\n\r\n&lt;p&gt;However, studies state that half of these social media savvy youngsters fail to follow brands on social networking sites. Students who do follow often only show temporary, marginal support. Social media is definitely a great platform for engaging students and spreading the word. However, it is definitely not the best for brand introduction and recognition.&lt;/p&gt;', '', ''),
(169, 6, 1, 'Looking into the future', '&lt;p&gt;Thousands of people dream of having their own business and even more so be a successful entrepreneur. But what does it take to achieve success in the business industry?&lt;/p&gt;\r\n\r\n\r\n&lt;p&gt;One of the most successful entrepreneurs featured at the Forbes website, Wendy Lipton - Dibner said that &quot;the success of your business would solely depend on you. The only thing you can rely on is your power to achieve your goal&quot;.\r\nShe shared her success story at the Forbes website and said that when she was young she learned a very important business objective from her high school activity and that is to go out, explore, come back and explain how money is made in business. This is an objective she never forgot until she made millions for herself.&lt;/p&gt;\r\n\r\n\r\n\r\n&lt;p&gt;When she was already very successful, she never stopped understanding business and how it really works. Profit is the number one goal in business and how you make it is a natural talent. Yes, there may be a lot of guidelines given and showed on television and the internet but only you know how you will make your sales to the top.\r\n&lt;/p&gt;\r\n\r\n&lt;p&gt;Try to ponder on these notes when thinking of a business:\r\n&lt;/p&gt;\r\n\r\n\r\n&lt;ol&gt;\r\n&lt;li&gt;Passion. Business may be set on profit but the core of your business should be something you love. Passion counts a lot in businesses because it also builds your determination in achieving your goal.&lt;/li&gt;\r\n\r\n&lt;li&gt; Impact. Business is a big and competitive world, what will matter is how you make a difference to your market. How your business will impact your market. The profit of your business will rely on the impact of your business. The mark it will leave to your customers will make it grow.&lt;/li&gt;\r\n\r\n&lt;li&gt;Three Guidelines.&lt;/li&gt;\r\n\r\n&lt;/ol&gt;\r\n&lt;p&gt;If you have noticed, the three guidelines below are very simple and natural.&lt;/p&gt;', '', ''),
(170, 6, 2, 'Looking into the future', '&lt;p&gt;Thousands of people dream of having their own business and even more so be a successful entrepreneur. But what does it take to achieve success in the business industry?&lt;/p&gt;\r\n\r\n\r\n&lt;p&gt;One of the most successful entrepreneurs featured at the Forbes website, Wendy Lipton - Dibner said that &quot;the success of your business would solely depend on you. The only thing you can rely on is your power to achieve your goal&quot;.\r\nShe shared her success story at the Forbes website and said that when she was young she learned a very important business objective from her high school activity and that is to go out, explore, come back and explain how money is made in business. This is an objective she never forgot until she made millions for herself.&lt;/p&gt;\r\n\r\n\r\n\r\n&lt;p&gt;When she was already very successful, she never stopped understanding business and how it really works. Profit is the number one goal in business and how you make it is a natural talent. Yes, there may be a lot of guidelines given and showed on television and the internet but only you know how you will make your sales to the top.\r\n&lt;/p&gt;\r\n\r\n&lt;p&gt;Try to ponder on these notes when thinking of a business:\r\n&lt;/p&gt;\r\n\r\n\r\n&lt;ol&gt;\r\n&lt;li&gt;Passion. Business may be set on profit but the core of your business should be something you love. Passion counts a lot in businesses because it also builds your determination in achieving your goal.&lt;/li&gt;\r\n\r\n&lt;li&gt; Impact. Business is a big and competitive world, what will matter is how you make a difference to your market. How your business will impact your market. The profit of your business will rely on the impact of your business. The mark it will leave to your customers will make it grow.&lt;/li&gt;\r\n\r\n&lt;li&gt;Three Guidelines.&lt;/li&gt;\r\n\r\n&lt;/ol&gt;\r\n&lt;p&gt;If you have noticed, the three guidelines below are very simple and natural.&lt;/p&gt;', '', ''),
(171, 6, 3, 'Looking into the future', '&lt;p&gt;Thousands of people dream of having their own business and even more so be a successful entrepreneur. But what does it take to achieve success in the business industry?&lt;/p&gt;\r\n\r\n\r\n&lt;p&gt;One of the most successful entrepreneurs featured at the Forbes website, Wendy Lipton - Dibner said that &quot;the success of your business would solely depend on you. The only thing you can rely on is your power to achieve your goal&quot;.\r\nShe shared her success story at the Forbes website and said that when she was young she learned a very important business objective from her high school activity and that is to go out, explore, come back and explain how money is made in business. This is an objective she never forgot until she made millions for herself.&lt;/p&gt;\r\n\r\n\r\n\r\n&lt;p&gt;When she was already very successful, she never stopped understanding business and how it really works. Profit is the number one goal in business and how you make it is a natural talent. Yes, there may be a lot of guidelines given and showed on television and the internet but only you know how you will make your sales to the top.\r\n&lt;/p&gt;\r\n\r\n&lt;p&gt;Try to ponder on these notes when thinking of a business:\r\n&lt;/p&gt;\r\n\r\n\r\n&lt;ol&gt;\r\n&lt;li&gt;Passion. Business may be set on profit but the core of your business should be something you love. Passion counts a lot in businesses because it also builds your determination in achieving your goal.&lt;/li&gt;\r\n\r\n&lt;li&gt; Impact. Business is a big and competitive world, what will matter is how you make a difference to your market. How your business will impact your market. The profit of your business will rely on the impact of your business. The mark it will leave to your customers will make it grow.&lt;/li&gt;\r\n\r\n&lt;li&gt;Three Guidelines.&lt;/li&gt;\r\n\r\n&lt;/ol&gt;\r\n&lt;p&gt;If you have noticed, the three guidelines below are very simple and natural.&lt;/p&gt;', '', ''),
(126, 3, 3, 'Impact - The Heart of Business', '&lt;p&gt;Thousands of people dream of having their own business and even more so be a successful entrepreneur. But what does it take to achieve success in the business industry?&lt;/p&gt;\r\n\r\n&lt;p&gt;One of the most successful entrepreneurs featured at the Forbes website, Wendy Lipton - Dibner said that &quot;the success of your business would solely depend on you. The only thing you can rely on is your power to achieve your goal&quot;.\r\nShe shared her success story at the Forbes website and said that when she was young she learned a very important business objective from her high school activity and that is to go out, explore, come back and explain how money is made in business. This is an objective she never forgot until she made millions for herself.&lt;/p&gt;\r\n\r\n\r\n&lt;p&gt;When she was already very successful, she never stopped understanding business and how it really works. Profit is the number one goal in business and how you make it is a natural talent. Yes, there may be a lot of guidelines given and showed on television and the internet but only you know how you will make your sales to the top.\r\n&lt;/p&gt;\r\n&lt;p&gt;Try to ponder on these notes when thinking of a business:\r\n&lt;/p&gt;\r\n\r\n&lt;ol&gt;\r\n&lt;li&gt;Passion. Business may be set on profit but the core of your business should be something you love. Passion counts a lot in businesses because it also builds your determination in achieving your goal.&lt;/li&gt;\r\n&lt;li&gt; Impact. Business is a big and competitive world, what will matter is how you make a difference to your market. How your business will impact your market. The profit of your business will rely on the impact of your business. The mark it will leave to your customers will make it grow.&lt;/li&gt;\r\n&lt;li&gt;Three Guidelines.&lt;/li&gt;\r\n&lt;/ol&gt;\r\n&lt;p&gt;If you have noticed, the three guidelines below are very simple and natural.&lt;/p&gt;', '', ''),
(124, 3, 1, 'Impact - The Heart of Business', '&lt;p&gt;Thousands of people dream of having their own business and even more so be a successful entrepreneur. But what does it take to achieve success in the business industry?&lt;/p&gt;\r\n\r\n&lt;p&gt;One of the most successful entrepreneurs featured at the Forbes website, Wendy Lipton - Dibner said that &quot;the success of your business would solely depend on you. The only thing you can rely on is your power to achieve your goal&quot;.\r\nShe shared her success story at the Forbes website and said that when she was young she learned a very important business objective from her high school activity and that is to go out, explore, come back and explain how money is made in business. This is an objective she never forgot until she made millions for herself.&lt;/p&gt;\r\n\r\n\r\n&lt;p&gt;When she was already very successful, she never stopped understanding business and how it really works. Profit is the number one goal in business and how you make it is a natural talent. Yes, there may be a lot of guidelines given and showed on television and the internet but only you know how you will make your sales to the top.\r\n&lt;/p&gt;\r\n&lt;p&gt;Try to ponder on these notes when thinking of a business:\r\n&lt;/p&gt;\r\n\r\n&lt;ol&gt;\r\n&lt;li&gt;Passion. Business may be set on profit but the core of your business should be something you love. Passion counts a lot in businesses because it also builds your determination in achieving your goal.&lt;/li&gt;\r\n&lt;li&gt; Impact. Business is a big and competitive world, what will matter is how you make a difference to your market. How your business will impact your market. The profit of your business will rely on the impact of your business. The mark it will leave to your customers will make it grow.&lt;/li&gt;\r\n&lt;li&gt;Three Guidelines.&lt;/li&gt;\r\n&lt;/ol&gt;\r\n&lt;p&gt;If you have noticed, the three guidelines below are very simple and natural.&lt;/p&gt;', '', ''),
(125, 3, 2, 'Impact - The Heart of Business', '&lt;p&gt;Thousands of people dream of having their own business and even more so be a successful entrepreneur. But what does it take to achieve success in the business industry?&lt;/p&gt;\r\n\r\n&lt;p&gt;One of the most successful entrepreneurs featured at the Forbes website, Wendy Lipton - Dibner said that &quot;the success of your business would solely depend on you. The only thing you can rely on is your power to achieve your goal&quot;.\r\nShe shared her success story at the Forbes website and said that when she was young she learned a very important business objective from her high school activity and that is to go out, explore, come back and explain how money is made in business. This is an objective she never forgot until she made millions for herself.&lt;/p&gt;\r\n\r\n\r\n&lt;p&gt;When she was already very successful, she never stopped understanding business and how it really works. Profit is the number one goal in business and how you make it is a natural talent. Yes, there may be a lot of guidelines given and showed on television and the internet but only you know how you will make your sales to the top.\r\n&lt;/p&gt;\r\n&lt;p&gt;Try to ponder on these notes when thinking of a business:\r\n&lt;/p&gt;\r\n\r\n&lt;ol&gt;\r\n&lt;li&gt;Passion. Business may be set on profit but the core of your business should be something you love. Passion counts a lot in businesses because it also builds your determination in achieving your goal.&lt;/li&gt;\r\n&lt;li&gt; Impact. Business is a big and competitive world, what will matter is how you make a difference to your market. How your business will impact your market. The profit of your business will rely on the impact of your business. The mark it will leave to your customers will make it grow.&lt;/li&gt;\r\n&lt;li&gt;Three Guidelines.&lt;/li&gt;\r\n&lt;/ol&gt;\r\n&lt;p&gt;If you have noticed, the three guidelines below are very simple and natural.&lt;/p&gt;', '', ''),
(166, 7, 1, 'Some advice for buyers', '&lt;p&gt;Many students are cash-strapped, nowadays. Nevertheless, their purchasing power is very high. Research reveals that 20 million students in the US have a combined disposable income of $417 billion. Moreover, another survey of students'' parents reveals that students now make 70 percent of their purchases themselves. These purchases are often made on credit cards. Therefore, students often have a significantly higher purchasing power.&lt;/p&gt;\r\n\r\n\r\n\r\n&lt;p&gt;If you know this, you can utilize it to capture the attention of the 16-24 age demographic. However, it is essential for your product or service to appeal to the lifestyle of the students. Additionally, student ambassadors should be utilized to spread the word about your product or service to their friends and classmates.&lt;/p&gt;\r\n\r\n\r\n\r\n&lt;p&gt;If you have not yet considered this demographic, it is time to reach out to them now!\r\nSocial media is a popular method for socialization and communication between many young people. Students are the majority users of social networking sites like Facebook and Twitter. These are the right places to introduce brands to young people.It is probably the right place to introduce a brand to them. To capture the student audience, it is essential to be a part of the conversation; it is also important to keep them engaged. Social media is the ideal platform for this.&lt;/p&gt;\r\n\r\n&lt;p&gt;However, studies state that half of these social media savvy youngsters fail to follow brands on social networking sites. Students who do follow often only show temporary, marginal support. Social media is definitely a great platform for engaging students and spreading the word. However, it is definitely not the best for brand introduction and recognition.&lt;/p&gt;', '', ''),
(167, 7, 2, 'Some advice for buyers', '&lt;p&gt;Many students are cash-strapped, nowadays. Nevertheless, their purchasing power is very high. Research reveals that 20 million students in the US have a combined disposable income of $417 billion. Moreover, another survey of students'' parents reveals that students now make 70 percent of their purchases themselves. These purchases are often made on credit cards. Therefore, students often have a significantly higher purchasing power.&lt;/p&gt;\r\n\r\n\r\n\r\n&lt;p&gt;If you know this, you can utilize it to capture the attention of the 16-24 age demographic. However, it is essential for your product or service to appeal to the lifestyle of the students. Additionally, student ambassadors should be utilized to spread the word about your product or service to their friends and classmates.&lt;/p&gt;\r\n\r\n\r\n\r\n&lt;p&gt;If you have not yet considered this demographic, it is time to reach out to them now!\r\nSocial media is a popular method for socialization and communication between many young people. Students are the majority users of social networking sites like Facebook and Twitter. These are the right places to introduce brands to young people.It is probably the right place to introduce a brand to them. To capture the student audience, it is essential to be a part of the conversation; it is also important to keep them engaged. Social media is the ideal platform for this.&lt;/p&gt;\r\n\r\n&lt;p&gt;However, studies state that half of these social media savvy youngsters fail to follow brands on social networking sites. Students who do follow often only show temporary, marginal support. Social media is definitely a great platform for engaging students and spreading the word. However, it is definitely not the best for brand introduction and recognition.&lt;/p&gt;', '', ''),
(168, 7, 3, 'Some advice for buyers', '&lt;p&gt;Many students are cash-strapped, nowadays. Nevertheless, their purchasing power is very high. Research reveals that 20 million students in the US have a combined disposable income of $417 billion. Moreover, another survey of students'' parents reveals that students now make 70 percent of their purchases themselves. These purchases are often made on credit cards. Therefore, students often have a significantly higher purchasing power.&lt;/p&gt;\r\n\r\n\r\n\r\n&lt;p&gt;If you know this, you can utilize it to capture the attention of the 16-24 age demographic. However, it is essential for your product or service to appeal to the lifestyle of the students. Additionally, student ambassadors should be utilized to spread the word about your product or service to their friends and classmates.&lt;/p&gt;\r\n\r\n\r\n\r\n&lt;p&gt;If you have not yet considered this demographic, it is time to reach out to them now!\r\nSocial media is a popular method for socialization and communication between many young people. Students are the majority users of social networking sites like Facebook and Twitter. These are the right places to introduce brands to young people.It is probably the right place to introduce a brand to them. To capture the student audience, it is essential to be a part of the conversation; it is also important to keep them engaged. Social media is the ideal platform for this.&lt;/p&gt;\r\n\r\n&lt;p&gt;However, studies state that half of these social media savvy youngsters fail to follow brands on social networking sites. Students who do follow often only show temporary, marginal support. Social media is definitely a great platform for engaging students and spreading the word. However, it is definitely not the best for brand introduction and recognition.&lt;/p&gt;', '', ''),
(165, 8, 3, 'Product of the year', '&lt;p&gt;What is stopping you from believing in the business of your dreams? Insecurity? Fear? Lack of confidence? All of the above? How can you overcome these obstructions?&lt;/p&gt;\r\n\r\n&lt;p&gt;&lt;strong&gt;Your Mantras&lt;/strong&gt;&lt;/p&gt;\r\n\r\n\r\n&lt;p&gt;You may be wondering if you have the necessary skills, time, connections, and a million other things in order to create the business of your dreams. If you let your uncertainty and insecurity overpower you, you won''t ever be able to unleash your true business potential. To unlock the positive forces of your creativity and drive that will yield amazing results, make these your mantras:\r\n&quot;I will abandon all negative thoughts that prevent me from realizing my business objectives.&quot;\r\n&quot;I will focus my energy on growing the business of my dreams.&quot;&lt;/p&gt;\r\n\r\n&lt;p&gt;&lt;strong&gt;A Dreamer and a Doer&lt;/strong&gt;&lt;/p&gt;\r\n\r\n&lt;p&gt;It is important to take time to develop your vision; and your practical thinking should be geared to this vision. You need to work with conviction. Being a dreamer does not mean that you can''t also be a doer. In fact, having a dream is the starting point for building your dream business. The problem starts when you stop there instead of setting realizable immediate targets. Success cannot come from one day to the next. So you need to build your dream business bit by bit. When your dreams begin to be transformed into reality thanks to your actions, you become aware of the power you possess for catalyzing success; and this further strengthens your determination to reach every single one of your business goals.&lt;/p&gt;\r\n\r\n&lt;p&gt;&lt;strong&gt;Make It Happen&lt;/strong&gt;&lt;/p&gt;\r\n\r\n\r\n&lt;p&gt;Nothing can happen without tenacity, fortitude, and courage. Be bold enough to make choices; don''t just let things happen to you. Though you cannot have control over everything, you can focus on what you can handle and influence with your actions in a given situation. You have the power to make decisions that will move your business forward. You should not feel daunted by your lack of knowledge of business strategies either. You learn and grow while building your business. No women entrepreneur/mompreneur possesses absolute knowledge; there are so many examples of hugely successful businesswomen who started out without having any clue about business promotion techniques. Their motivation to learn, their unwavering belief that they could create the business of their dreams, and their steadfastness were key factors for their success.\r\n&lt;/p&gt;', '', ''),
(163, 8, 1, 'Product of the year', '&lt;p&gt;What is stopping you from believing in the business of your dreams? Insecurity? Fear? Lack of confidence? All of the above? How can you overcome these obstructions?&lt;/p&gt;\r\n\r\n&lt;p&gt;&lt;strong&gt;Your Mantras&lt;/strong&gt;&lt;/p&gt;\r\n\r\n\r\n&lt;p&gt;You may be wondering if you have the necessary skills, time, connections, and a million other things in order to create the business of your dreams. If you let your uncertainty and insecurity overpower you, you won''t ever be able to unleash your true business potential. To unlock the positive forces of your creativity and drive that will yield amazing results, make these your mantras:\r\n&quot;I will abandon all negative thoughts that prevent me from realizing my business objectives.&quot;\r\n&quot;I will focus my energy on growing the business of my dreams.&quot;&lt;/p&gt;\r\n\r\n&lt;p&gt;&lt;strong&gt;A Dreamer and a Doer&lt;/strong&gt;&lt;/p&gt;\r\n\r\n&lt;p&gt;It is important to take time to develop your vision; and your practical thinking should be geared to this vision. You need to work with conviction. Being a dreamer does not mean that you can''t also be a doer. In fact, having a dream is the starting point for building your dream business. The problem starts when you stop there instead of setting realizable immediate targets. Success cannot come from one day to the next. So you need to build your dream business bit by bit. When your dreams begin to be transformed into reality thanks to your actions, you become aware of the power you possess for catalyzing success; and this further strengthens your determination to reach every single one of your business goals.&lt;/p&gt;\r\n\r\n&lt;p&gt;&lt;strong&gt;Make It Happen&lt;/strong&gt;&lt;/p&gt;\r\n\r\n\r\n&lt;p&gt;Nothing can happen without tenacity, fortitude, and courage. Be bold enough to make choices; don''t just let things happen to you. Though you cannot have control over everything, you can focus on what you can handle and influence with your actions in a given situation. You have the power to make decisions that will move your business forward. You should not feel daunted by your lack of knowledge of business strategies either. You learn and grow while building your business. No women entrepreneur/mompreneur possesses absolute knowledge; there are so many examples of hugely successful businesswomen who started out without having any clue about business promotion techniques. Their motivation to learn, their unwavering belief that they could create the business of their dreams, and their steadfastness were key factors for their success.\r\n&lt;/p&gt;', '', ''),
(164, 8, 2, 'Product of the year', '&lt;p&gt;What is stopping you from believing in the business of your dreams? Insecurity? Fear? Lack of confidence? All of the above? How can you overcome these obstructions?&lt;/p&gt;\r\n\r\n&lt;p&gt;&lt;strong&gt;Your Mantras&lt;/strong&gt;&lt;/p&gt;\r\n\r\n\r\n&lt;p&gt;You may be wondering if you have the necessary skills, time, connections, and a million other things in order to create the business of your dreams. If you let your uncertainty and insecurity overpower you, you won''t ever be able to unleash your true business potential. To unlock the positive forces of your creativity and drive that will yield amazing results, make these your mantras:\r\n&quot;I will abandon all negative thoughts that prevent me from realizing my business objectives.&quot;\r\n&quot;I will focus my energy on growing the business of my dreams.&quot;&lt;/p&gt;\r\n\r\n&lt;p&gt;&lt;strong&gt;A Dreamer and a Doer&lt;/strong&gt;&lt;/p&gt;\r\n\r\n&lt;p&gt;It is important to take time to develop your vision; and your practical thinking should be geared to this vision. You need to work with conviction. Being a dreamer does not mean that you can''t also be a doer. In fact, having a dream is the starting point for building your dream business. The problem starts when you stop there instead of setting realizable immediate targets. Success cannot come from one day to the next. So you need to build your dream business bit by bit. When your dreams begin to be transformed into reality thanks to your actions, you become aware of the power you possess for catalyzing success; and this further strengthens your determination to reach every single one of your business goals.&lt;/p&gt;\r\n\r\n&lt;p&gt;&lt;strong&gt;Make It Happen&lt;/strong&gt;&lt;/p&gt;\r\n\r\n\r\n&lt;p&gt;Nothing can happen without tenacity, fortitude, and courage. Be bold enough to make choices; don''t just let things happen to you. Though you cannot have control over everything, you can focus on what you can handle and influence with your actions in a given situation. You have the power to make decisions that will move your business forward. You should not feel daunted by your lack of knowledge of business strategies either. You learn and grow while building your business. No women entrepreneur/mompreneur possesses absolute knowledge; there are so many examples of hugely successful businesswomen who started out without having any clue about business promotion techniques. Their motivation to learn, their unwavering belief that they could create the business of their dreams, and their steadfastness were key factors for their success.\r\n&lt;/p&gt;', '', ''),
(162, 9, 3, 'Some amazing facts', '&lt;p&gt;Thousands of people dream of having their own business and even more so be a successful entrepreneur. But what does it take to achieve success in the business industry?&lt;/p&gt;\r\n\r\n\r\n&lt;p&gt;One of the most successful entrepreneurs featured at the Forbes website, Wendy Lipton - Dibner said that &quot;the success of your business would solely depend on you. The only thing you can rely on is your power to achieve your goal&quot;.\r\nShe shared her success story at the Forbes website and said that when she was young she learned a very important business objective from her high school activity and that is to go out, explore, come back and explain how money is made in business. This is an objective she never forgot until she made millions for herself.&lt;/p&gt;\r\n\r\n\r\n\r\n&lt;p&gt;When she was already very successful, she never stopped understanding business and how it really works. Profit is the number one goal in business and how you make it is a natural talent. Yes, there may be a lot of guidelines given and showed on television and the internet but only you know how you will make your sales to the top.\r\n&lt;/p&gt;\r\n\r\n&lt;p&gt;Try to ponder on these notes when thinking of a business:\r\n&lt;/p&gt;\r\n\r\n\r\n&lt;ol&gt;\r\n&lt;li&gt;Passion. Business may be set on profit but the core of your business should be something you love. Passion counts a lot in businesses because it also builds your determination in achieving your goal.&lt;/li&gt;\r\n\r\n&lt;li&gt; Impact. Business is a big and competitive world, what will matter is how you make a difference to your market. How your business will impact your market. The profit of your business will rely on the impact of your business. The mark it will leave to your customers will make it grow.&lt;/li&gt;\r\n\r\n&lt;li&gt;Three Guidelines.&lt;/li&gt;\r\n\r\n&lt;/ol&gt;\r\n&lt;p&gt;If you have noticed, the three guidelines below are very simple and natural.&lt;/p&gt;', '', ''),
(160, 9, 1, 'Some amazing facts', '&lt;p&gt;Thousands of people dream of having their own business and even more so be a successful entrepreneur. But what does it take to achieve success in the business industry?&lt;/p&gt;\r\n\r\n\r\n&lt;p&gt;One of the most successful entrepreneurs featured at the Forbes website, Wendy Lipton - Dibner said that &quot;the success of your business would solely depend on you. The only thing you can rely on is your power to achieve your goal&quot;.\r\nShe shared her success story at the Forbes website and said that when she was young she learned a very important business objective from her high school activity and that is to go out, explore, come back and explain how money is made in business. This is an objective she never forgot until she made millions for herself.&lt;/p&gt;\r\n\r\n\r\n\r\n&lt;p&gt;When she was already very successful, she never stopped understanding business and how it really works. Profit is the number one goal in business and how you make it is a natural talent. Yes, there may be a lot of guidelines given and showed on television and the internet but only you know how you will make your sales to the top.\r\n&lt;/p&gt;\r\n\r\n&lt;p&gt;Try to ponder on these notes when thinking of a business:\r\n&lt;/p&gt;\r\n\r\n\r\n&lt;ol&gt;\r\n&lt;li&gt;Passion. Business may be set on profit but the core of your business should be something you love. Passion counts a lot in businesses because it also builds your determination in achieving your goal.&lt;/li&gt;\r\n\r\n&lt;li&gt; Impact. Business is a big and competitive world, what will matter is how you make a difference to your market. How your business will impact your market. The profit of your business will rely on the impact of your business. The mark it will leave to your customers will make it grow.&lt;/li&gt;\r\n\r\n&lt;li&gt;Three Guidelines.&lt;/li&gt;\r\n\r\n&lt;/ol&gt;\r\n&lt;p&gt;If you have noticed, the three guidelines below are very simple and natural.&lt;/p&gt;', '', ''),
(161, 9, 2, 'Some amazing facts', '&lt;p&gt;Thousands of people dream of having their own business and even more so be a successful entrepreneur. But what does it take to achieve success in the business industry?&lt;/p&gt;\r\n\r\n\r\n&lt;p&gt;One of the most successful entrepreneurs featured at the Forbes website, Wendy Lipton - Dibner said that &quot;the success of your business would solely depend on you. The only thing you can rely on is your power to achieve your goal&quot;.\r\nShe shared her success story at the Forbes website and said that when she was young she learned a very important business objective from her high school activity and that is to go out, explore, come back and explain how money is made in business. This is an objective she never forgot until she made millions for herself.&lt;/p&gt;\r\n\r\n\r\n\r\n&lt;p&gt;When she was already very successful, she never stopped understanding business and how it really works. Profit is the number one goal in business and how you make it is a natural talent. Yes, there may be a lot of guidelines given and showed on television and the internet but only you know how you will make your sales to the top.\r\n&lt;/p&gt;\r\n\r\n&lt;p&gt;Try to ponder on these notes when thinking of a business:\r\n&lt;/p&gt;\r\n\r\n\r\n&lt;ol&gt;\r\n&lt;li&gt;Passion. Business may be set on profit but the core of your business should be something you love. Passion counts a lot in businesses because it also builds your determination in achieving your goal.&lt;/li&gt;\r\n\r\n&lt;li&gt; Impact. Business is a big and competitive world, what will matter is how you make a difference to your market. How your business will impact your market. The profit of your business will rely on the impact of your business. The mark it will leave to your customers will make it grow.&lt;/li&gt;\r\n\r\n&lt;li&gt;Three Guidelines.&lt;/li&gt;\r\n\r\n&lt;/ol&gt;\r\n&lt;p&gt;If you have noticed, the three guidelines below are very simple and natural.&lt;/p&gt;', '', ''),
(150, 5, 3, 'New trends of the season', '&lt;p&gt;What is stopping you from believing in the business of your dreams? Insecurity? Fear? Lack of confidence? All of the above? How can you overcome these obstructions?&lt;/p&gt;\r\n\r\n&lt;p&gt;&lt;strong&gt;Your Mantras&lt;/strong&gt;&lt;/p&gt;\r\n\r\n\r\n&lt;p&gt;You may be wondering if you have the necessary skills, time, connections, and a million other things in order to create the business of your dreams. If you let your uncertainty and insecurity overpower you, you won''t ever be able to unleash your true business potential. To unlock the positive forces of your creativity and drive that will yield amazing results, make these your mantras:\r\n&quot;I will abandon all negative thoughts that prevent me from realizing my business objectives.&quot;\r\n&quot;I will focus my energy on growing the business of my dreams.&quot;&lt;/p&gt;\r\n\r\n&lt;p&gt;&lt;strong&gt;A Dreamer and a Doer&lt;/strong&gt;&lt;/p&gt;\r\n\r\n&lt;p&gt;It is important to take time to develop your vision; and your practical thinking should be geared to this vision. You need to work with conviction. Being a dreamer does not mean that you can''t also be a doer. In fact, having a dream is the starting point for building your dream business. The problem starts when you stop there instead of setting realizable immediate targets. Success cannot come from one day to the next. So you need to build your dream business bit by bit. When your dreams begin to be transformed into reality thanks to your actions, you become aware of the power you possess for catalyzing success; and this further strengthens your determination to reach every single one of your business goals.&lt;/p&gt;\r\n\r\n&lt;p&gt;&lt;strong&gt;Make It Happen&lt;/strong&gt;&lt;/p&gt;\r\n\r\n\r\n&lt;p&gt;Nothing can happen without tenacity, fortitude, and courage. Be bold enough to make choices; don''t just let things happen to you. Though you cannot have control over everything, you can focus on what you can handle and influence with your actions in a given situation. You have the power to make decisions that will move your business forward. You should not feel daunted by your lack of knowledge of business strategies either. You learn and grow while building your business. No women entrepreneur/mompreneur possesses absolute knowledge; there are so many examples of hugely successful businesswomen who started out without having any clue about business promotion techniques. Their motivation to learn, their unwavering belief that they could create the business of their dreams, and their steadfastness were key factors for their success.\r\n&lt;/p&gt;', '', ''),
(149, 5, 2, 'New trends of the season', '&lt;p&gt;What is stopping you from believing in the business of your dreams? Insecurity? Fear? Lack of confidence? All of the above? How can you overcome these obstructions?&lt;/p&gt;\r\n\r\n&lt;p&gt;&lt;strong&gt;Your Mantras&lt;/strong&gt;&lt;/p&gt;\r\n\r\n\r\n&lt;p&gt;You may be wondering if you have the necessary skills, time, connections, and a million other things in order to create the business of your dreams. If you let your uncertainty and insecurity overpower you, you won''t ever be able to unleash your true business potential. To unlock the positive forces of your creativity and drive that will yield amazing results, make these your mantras:\r\n&quot;I will abandon all negative thoughts that prevent me from realizing my business objectives.&quot;\r\n&quot;I will focus my energy on growing the business of my dreams.&quot;&lt;/p&gt;\r\n\r\n&lt;p&gt;&lt;strong&gt;A Dreamer and a Doer&lt;/strong&gt;&lt;/p&gt;\r\n\r\n&lt;p&gt;It is important to take time to develop your vision; and your practical thinking should be geared to this vision. You need to work with conviction. Being a dreamer does not mean that you can''t also be a doer. In fact, having a dream is the starting point for building your dream business. The problem starts when you stop there instead of setting realizable immediate targets. Success cannot come from one day to the next. So you need to build your dream business bit by bit. When your dreams begin to be transformed into reality thanks to your actions, you become aware of the power you possess for catalyzing success; and this further strengthens your determination to reach every single one of your business goals.&lt;/p&gt;\r\n\r\n&lt;p&gt;&lt;strong&gt;Make It Happen&lt;/strong&gt;&lt;/p&gt;\r\n\r\n\r\n&lt;p&gt;Nothing can happen without tenacity, fortitude, and courage. Be bold enough to make choices; don''t just let things happen to you. Though you cannot have control over everything, you can focus on what you can handle and influence with your actions in a given situation. You have the power to make decisions that will move your business forward. You should not feel daunted by your lack of knowledge of business strategies either. You learn and grow while building your business. No women entrepreneur/mompreneur possesses absolute knowledge; there are so many examples of hugely successful businesswomen who started out without having any clue about business promotion techniques. Their motivation to learn, their unwavering belief that they could create the business of their dreams, and their steadfastness were key factors for their success.\r\n&lt;/p&gt;', '', '');
INSERT INTO `oc_simple_blog_article_description` (`simple_blog_article_description_id`, `simple_blog_article_id`, `language_id`, `article_title`, `description`, `meta_description`, `meta_keyword`) VALUES
(148, 5, 1, 'New trends of the season', '&lt;p&gt;What is stopping you from believing in the business of your dreams? Insecurity? Fear? Lack of confidence? All of the above? How can you overcome these obstructions?&lt;/p&gt;\r\n\r\n&lt;p&gt;&lt;strong&gt;Your Mantras&lt;/strong&gt;&lt;/p&gt;\r\n\r\n\r\n&lt;p&gt;You may be wondering if you have the necessary skills, time, connections, and a million other things in order to create the business of your dreams. If you let your uncertainty and insecurity overpower you, you won''t ever be able to unleash your true business potential. To unlock the positive forces of your creativity and drive that will yield amazing results, make these your mantras:\r\n&quot;I will abandon all negative thoughts that prevent me from realizing my business objectives.&quot;\r\n&quot;I will focus my energy on growing the business of my dreams.&quot;&lt;/p&gt;\r\n\r\n&lt;p&gt;&lt;strong&gt;A Dreamer and a Doer&lt;/strong&gt;&lt;/p&gt;\r\n\r\n&lt;p&gt;It is important to take time to develop your vision; and your practical thinking should be geared to this vision. You need to work with conviction. Being a dreamer does not mean that you can''t also be a doer. In fact, having a dream is the starting point for building your dream business. The problem starts when you stop there instead of setting realizable immediate targets. Success cannot come from one day to the next. So you need to build your dream business bit by bit. When your dreams begin to be transformed into reality thanks to your actions, you become aware of the power you possess for catalyzing success; and this further strengthens your determination to reach every single one of your business goals.&lt;/p&gt;\r\n\r\n&lt;p&gt;&lt;strong&gt;Make It Happen&lt;/strong&gt;&lt;/p&gt;\r\n\r\n\r\n&lt;p&gt;Nothing can happen without tenacity, fortitude, and courage. Be bold enough to make choices; don''t just let things happen to you. Though you cannot have control over everything, you can focus on what you can handle and influence with your actions in a given situation. You have the power to make decisions that will move your business forward. You should not feel daunted by your lack of knowledge of business strategies either. You learn and grow while building your business. No women entrepreneur/mompreneur possesses absolute knowledge; there are so many examples of hugely successful businesswomen who started out without having any clue about business promotion techniques. Their motivation to learn, their unwavering belief that they could create the business of their dreams, and their steadfastness were key factors for their success.\r\n&lt;/p&gt;', '', ''),
(118, 1, 1, 'Establishing Your Brand on College Campuses', '&lt;p&gt;Many students are cash-strapped, nowadays. Nevertheless, their purchasing power is very high. Research reveals that 20 million students in the US have a combined disposable income of $417 billion. Moreover, another survey of students'' parents reveals that students now make 70 percent of their purchases themselves. These purchases are often made on credit cards. Therefore, students often have a significantly higher purchasing power.&lt;/p&gt;\r\n\r\n\r\n&lt;p&gt;If you know this, you can utilize it to capture the attention of the 16-24 age demographic. However, it is essential for your product or service to appeal to the lifestyle of the students. Additionally, student ambassadors should be utilized to spread the word about your product or service to their friends and classmates.&lt;/p&gt;\r\n\r\n\r\n&lt;p&gt;If you have not yet considered this demographic, it is time to reach out to them now!\r\nSocial media is a popular method for socialization and communication between many young people. Students are the majority users of social networking sites like Facebook and Twitter. These are the right places to introduce brands to young people.It is probably the right place to introduce a brand to them. To capture the student audience, it is essential to be a part of the conversation; it is also important to keep them engaged. Social media is the ideal platform for this.&lt;/p&gt;\r\n&lt;p&gt;However, studies state that half of these social media savvy youngsters fail to follow brands on social networking sites. Students who do follow often only show temporary, marginal support. Social media is definitely a great platform for engaging students and spreading the word. However, it is definitely not the best for brand introduction and recognition.&lt;/p&gt;', '', ''),
(119, 1, 2, 'Establishing Your Brand on College Campuses', '&lt;p&gt;Many students are cash-strapped, nowadays. Nevertheless, their purchasing power is very high. Research reveals that 20 million students in the US have a combined disposable income of $417 billion. Moreover, another survey of students'' parents reveals that students now make 70 percent of their purchases themselves. These purchases are often made on credit cards. Therefore, students often have a significantly higher purchasing power.&lt;/p&gt;\r\n\r\n\r\n&lt;p&gt;If you know this, you can utilize it to capture the attention of the 16-24 age demographic. However, it is essential for your product or service to appeal to the lifestyle of the students. Additionally, student ambassadors should be utilized to spread the word about your product or service to their friends and classmates.&lt;/p&gt;\r\n\r\n\r\n&lt;p&gt;If you have not yet considered this demographic, it is time to reach out to them now!\r\nSocial media is a popular method for socialization and communication between many young people. Students are the majority users of social networking sites like Facebook and Twitter. These are the right places to introduce brands to young people.It is probably the right place to introduce a brand to them. To capture the student audience, it is essential to be a part of the conversation; it is also important to keep them engaged. Social media is the ideal platform for this.&lt;/p&gt;\r\n&lt;p&gt;However, studies state that half of these social media savvy youngsters fail to follow brands on social networking sites. Students who do follow often only show temporary, marginal support. Social media is definitely a great platform for engaging students and spreading the word. However, it is definitely not the best for brand introduction and recognition.&lt;/p&gt;', '', ''),
(120, 1, 3, 'Establishing Your Brand on College Campuses', '&lt;p&gt;Many students are cash-strapped, nowadays. Nevertheless, their purchasing power is very high. Research reveals that 20 million students in the US have a combined disposable income of $417 billion. Moreover, another survey of students'' parents reveals that students now make 70 percent of their purchases themselves. These purchases are often made on credit cards. Therefore, students often have a significantly higher purchasing power.&lt;/p&gt;\r\n\r\n\r\n&lt;p&gt;If you know this, you can utilize it to capture the attention of the 16-24 age demographic. However, it is essential for your product or service to appeal to the lifestyle of the students. Additionally, student ambassadors should be utilized to spread the word about your product or service to their friends and classmates.&lt;/p&gt;\r\n\r\n\r\n&lt;p&gt;If you have not yet considered this demographic, it is time to reach out to them now!\r\nSocial media is a popular method for socialization and communication between many young people. Students are the majority users of social networking sites like Facebook and Twitter. These are the right places to introduce brands to young people.It is probably the right place to introduce a brand to them. To capture the student audience, it is essential to be a part of the conversation; it is also important to keep them engaged. Social media is the ideal platform for this.&lt;/p&gt;\r\n&lt;p&gt;However, studies state that half of these social media savvy youngsters fail to follow brands on social networking sites. Students who do follow often only show temporary, marginal support. Social media is definitely a great platform for engaging students and spreading the word. However, it is definitely not the best for brand introduction and recognition.&lt;/p&gt;', '', ''),
(121, 2, 1, 'Believe in the Business of Your Dreams', '&lt;p&gt;What is stopping you from believing in the business of your dreams? Insecurity? Fear? Lack of confidence? All of the above? How can you overcome these obstructions?&lt;/p&gt;\r\n&lt;p&gt;&lt;strong&gt;Your Mantras&lt;/strong&gt;&lt;/p&gt;\r\n\r\n&lt;p&gt;You may be wondering if you have the necessary skills, time, connections, and a million other things in order to create the business of your dreams. If you let your uncertainty and insecurity overpower you, you won''t ever be able to unleash your true business potential. To unlock the positive forces of your creativity and drive that will yield amazing results, make these your mantras:\r\n&quot;I will abandon all negative thoughts that prevent me from realizing my business objectives.&quot;\r\n&quot;I will focus my energy on growing the business of my dreams.&quot;&lt;/p&gt;\r\n&lt;p&gt;&lt;strong&gt;A Dreamer and a Doer&lt;/strong&gt;&lt;/p&gt;\r\n&lt;p&gt;It is important to take time to develop your vision; and your practical thinking should be geared to this vision. You need to work with conviction. Being a dreamer does not mean that you can''t also be a doer. In fact, having a dream is the starting point for building your dream business. The problem starts when you stop there instead of setting realizable immediate targets. Success cannot come from one day to the next. So you need to build your dream business bit by bit. When your dreams begin to be transformed into reality thanks to your actions, you become aware of the power you possess for catalyzing success; and this further strengthens your determination to reach every single one of your business goals.&lt;/p&gt;\r\n&lt;p&gt;&lt;strong&gt;Make It Happen&lt;/strong&gt;&lt;/p&gt;\r\n\r\n&lt;p&gt;Nothing can happen without tenacity, fortitude, and courage. Be bold enough to make choices; don''t just let things happen to you. Though you cannot have control over everything, you can focus on what you can handle and influence with your actions in a given situation. You have the power to make decisions that will move your business forward. You should not feel daunted by your lack of knowledge of business strategies either. You learn and grow while building your business. No women entrepreneur/mompreneur possesses absolute knowledge; there are so many examples of hugely successful businesswomen who started out without having any clue about business promotion techniques. Their motivation to learn, their unwavering belief that they could create the business of their dreams, and their steadfastness were key factors for their success.\r\n&lt;/p&gt;', '', '');

-- --------------------------------------------------------

--
-- Table structure for table `oc_simple_blog_article_description_additional`
--

DROP TABLE IF EXISTS `oc_simple_blog_article_description_additional`;
CREATE TABLE IF NOT EXISTS `oc_simple_blog_article_description_additional` (
  `simple_blog_article_id` int(16) NOT NULL,
  `language_id` int(16) NOT NULL,
  `additional_description` mediumtext NOT NULL
) ENGINE=MyISAM DEFAULT CHARSET=utf8;

--
-- Dumping data for table `oc_simple_blog_article_description_additional`
--

INSERT INTO `oc_simple_blog_article_description_additional` (`simple_blog_article_id`, `language_id`, `additional_description`) VALUES
(3, 3, '&lt;p&gt;Lorem ipsum dolor sit amet, consectetur adipisicing elit. Amet architecto beatae consectetur ducimus esse necessitatibus quisquam rerum velit voluptas voluptates!&lt;/p&gt;'),
(3, 2, '&lt;p&gt;Lorem ipsum dolor sit amet, consectetur adipisicing elit. Amet architecto beatae consectetur ducimus esse necessitatibus quisquam rerum velit voluptas voluptates!&lt;/p&gt;'),
(3, 1, '&lt;p&gt;Lorem ipsum dolor sit amet, consectetur adipisicing elit. Amet architecto beatae consectetur ducimus esse necessitatibus quisquam rerum velit voluptas voluptates!&lt;/p&gt;');

-- --------------------------------------------------------

--
-- Table structure for table `oc_simple_blog_article_product_related`
--

DROP TABLE IF EXISTS `oc_simple_blog_article_product_related`;
CREATE TABLE IF NOT EXISTS `oc_simple_blog_article_product_related` (
  `simple_blog_article_id` int(16) NOT NULL,
  `product_id` int(16) NOT NULL
) ENGINE=MyISAM DEFAULT CHARSET=utf8;

--
-- Dumping data for table `oc_simple_blog_article_product_related`
--

INSERT INTO `oc_simple_blog_article_product_related` (`simple_blog_article_id`, `product_id`) VALUES
(4, 30),
(3, 46),
(3, 43),
(3, 31),
(5, 46),
(5, 43),
(5, 31);

-- --------------------------------------------------------

--
-- Table structure for table `oc_simple_blog_article_to_category`
--

DROP TABLE IF EXISTS `oc_simple_blog_article_to_category`;
CREATE TABLE IF NOT EXISTS `oc_simple_blog_article_to_category` (
  `simple_blog_article_id` int(16) NOT NULL,
  `simple_blog_category_id` int(16) NOT NULL
) ENGINE=MyISAM DEFAULT CHARSET=utf8;

--
-- Dumping data for table `oc_simple_blog_article_to_category`
--

INSERT INTO `oc_simple_blog_article_to_category` (`simple_blog_article_id`, `simple_blog_category_id`) VALUES
(2, 2),
(4, 4),
(4, 2),
(6, 2),
(6, 1),
(3, 2),
(7, 4),
(7, 3),
(8, 4),
(8, 1),
(9, 4),
(9, 2),
(9, 1),
(5, 2),
(5, 3),
(1, 1);

-- --------------------------------------------------------

--
-- Table structure for table `oc_simple_blog_article_to_layout`
--

DROP TABLE IF EXISTS `oc_simple_blog_article_to_layout`;
CREATE TABLE IF NOT EXISTS `oc_simple_blog_article_to_layout` (
  `simple_blog_article_id` int(16) NOT NULL,
  `store_id` int(16) NOT NULL,
  `layout_id` int(16) NOT NULL
) ENGINE=MyISAM DEFAULT CHARSET=utf8;

-- --------------------------------------------------------

--
-- Table structure for table `oc_simple_blog_article_to_store`
--

DROP TABLE IF EXISTS `oc_simple_blog_article_to_store`;
CREATE TABLE IF NOT EXISTS `oc_simple_blog_article_to_store` (
  `simple_blog_article_id` int(16) NOT NULL,
  `store_id` int(16) NOT NULL
) ENGINE=MyISAM DEFAULT CHARSET=utf8;

--
-- Dumping data for table `oc_simple_blog_article_to_store`
--

INSERT INTO `oc_simple_blog_article_to_store` (`simple_blog_article_id`, `store_id`) VALUES
(2, 0),
(4, 0),
(6, 0),
(3, 0),
(7, 0),
(8, 0),
(9, 0),
(5, 0),
(1, 0);

-- --------------------------------------------------------

--
-- Table structure for table `oc_simple_blog_author`
--

DROP TABLE IF EXISTS `oc_simple_blog_author`;
CREATE TABLE IF NOT EXISTS `oc_simple_blog_author` (
  `simple_blog_author_id` int(16) NOT NULL AUTO_INCREMENT,
  `name` varchar(256) NOT NULL,
  `image` mediumtext NOT NULL,
  `status` tinyint(1) NOT NULL,
  `date_added` datetime NOT NULL,
  `date_modified` datetime NOT NULL,
  PRIMARY KEY (`simple_blog_author_id`)
) ENGINE=MyISAM  DEFAULT CHARSET=utf8 AUTO_INCREMENT=5 ;

--
-- Dumping data for table `oc_simple_blog_author`
--

INSERT INTO `oc_simple_blog_author` (`simple_blog_author_id`, `name`, `image`, `status`, `date_added`, `date_modified`) VALUES
(1, 'Jessica Prinston', 'catalog/avatar.jpg', 1, '2015-09-16 17:26:04', '2015-09-29 17:51:00'),
(2, 'Sam Kromstain', 'catalog/avatar.jpg', 1, '2015-09-17 10:26:40', '2015-09-29 17:52:05'),
(3, 'Robert Johnson', 'catalog/avatar.jpg', 1, '2015-09-21 16:32:38', '2015-09-29 17:51:32'),
(4, 'Edna Barton', 'catalog/avatar.jpg', 1, '2015-09-21 16:34:45', '2015-09-29 17:52:34');

-- --------------------------------------------------------

--
-- Table structure for table `oc_simple_blog_author_description`
--

DROP TABLE IF EXISTS `oc_simple_blog_author_description`;
CREATE TABLE IF NOT EXISTS `oc_simple_blog_author_description` (
  `simple_blog_author_description_id` int(16) NOT NULL AUTO_INCREMENT,
  `simple_blog_author_id` int(16) NOT NULL,
  `language_id` int(16) NOT NULL,
  `description` mediumtext NOT NULL,
  `meta_description` varchar(256) NOT NULL,
  `meta_keyword` varchar(256) NOT NULL,
  `date_added` datetime NOT NULL,
  PRIMARY KEY (`simple_blog_author_description_id`)
) ENGINE=MyISAM  DEFAULT CHARSET=utf8 AUTO_INCREMENT=46 ;

--
-- Dumping data for table `oc_simple_blog_author_description`
--

INSERT INTO `oc_simple_blog_author_description` (`simple_blog_author_description_id`, `simple_blog_author_id`, `language_id`, `description`, `meta_description`, `meta_keyword`, `date_added`) VALUES
(36, 1, 3, '&lt;p&gt;Mega positive shop assistant always ready to help you make the right choice and charm you with a smile.&lt;/p&gt;', '', '', '0000-00-00 00:00:00'),
(34, 1, 1, '&lt;p&gt;Mega positive shop assistant always ready to help you make the right choice and charm you with a smile.&lt;/p&gt;', '', '', '0000-00-00 00:00:00'),
(35, 1, 2, '&lt;p&gt;Mega positive shop assistant always ready to help you make the right choice and charm you with a smile.&lt;/p&gt;', '', '', '0000-00-00 00:00:00'),
(42, 2, 3, '&lt;p&gt;Wholesale manager. Contact him if you want to buy a batch of the products offered at our store. &lt;/p&gt;', '', '', '0000-00-00 00:00:00'),
(40, 2, 1, '&lt;p&gt;Wholesale manager. Contact him if you want to buy a batch of the products offered at our store. &lt;/p&gt;', '', '', '0000-00-00 00:00:00'),
(41, 2, 2, '&lt;p&gt;Wholesale manager. Contact him if you want to buy a batch of the products offered at our store. &lt;/p&gt;', '', '', '0000-00-00 00:00:00'),
(39, 3, 3, '&lt;p&gt;Senior salesman with 15 years of experience. He knows everything about the products he offers.&lt;/p&gt;', '', '', '0000-00-00 00:00:00'),
(37, 3, 1, '&lt;p&gt;Senior salesman with 15 years of experience. He knows everything about the products he offers.&lt;/p&gt;', '', '', '0000-00-00 00:00:00'),
(38, 3, 2, '&lt;p&gt;Senior salesman with 15 years of experience. He knows everything about the products he offers.&lt;/p&gt;', '', '', '0000-00-00 00:00:00'),
(45, 4, 3, '&lt;p&gt;Quality control manager. Her mission is to check the products we ship and settle quality issues if any.&lt;/p&gt;', '', '', '0000-00-00 00:00:00'),
(43, 4, 1, '&lt;p&gt;Quality control manager. Her mission is to check the products we ship and settle quality issues if any.&lt;/p&gt;', '', '', '0000-00-00 00:00:00'),
(44, 4, 2, '&lt;p&gt;Quality control manager. Her mission is to check the products we ship and settle quality issues if any.&lt;/p&gt;', '', '', '0000-00-00 00:00:00');

-- --------------------------------------------------------

--
-- Table structure for table `oc_simple_blog_category`
--

DROP TABLE IF EXISTS `oc_simple_blog_category`;
CREATE TABLE IF NOT EXISTS `oc_simple_blog_category` (
  `simple_blog_category_id` int(16) NOT NULL AUTO_INCREMENT,
  `image` mediumtext NOT NULL,
  `parent_id` int(16) NOT NULL,
  `top` tinyint(1) NOT NULL,
  `blog_category_column` int(16) NOT NULL,
  `column` int(8) NOT NULL,
  `sort_order` int(8) NOT NULL,
  `status` tinyint(1) NOT NULL,
  `date_added` datetime NOT NULL,
  `date_modified` datetime NOT NULL,
  PRIMARY KEY (`simple_blog_category_id`)
) ENGINE=MyISAM  DEFAULT CHARSET=utf8 AUTO_INCREMENT=5 ;

--
-- Dumping data for table `oc_simple_blog_category`
--

INSERT INTO `oc_simple_blog_category` (`simple_blog_category_id`, `image`, `parent_id`, `top`, `blog_category_column`, `column`, `sort_order`, `status`, `date_added`, `date_modified`) VALUES
(1, '', 0, 1, 0, 3, 0, 1, '2015-09-16 17:23:22', '2015-09-28 17:00:31'),
(2, 'catalog/product-1.png', 0, 0, 0, 5, 0, 1, '2015-09-17 10:24:12', '2015-09-28 17:05:27'),
(3, '', 0, 0, 0, 5, 0, 1, '2015-09-21 16:44:25', '2015-09-28 17:01:16'),
(4, '', 0, 1, 0, 5, 3, 1, '2015-09-28 17:06:19', '2015-09-28 17:06:19');

-- --------------------------------------------------------

--
-- Table structure for table `oc_simple_blog_category_description`
--

DROP TABLE IF EXISTS `oc_simple_blog_category_description`;
CREATE TABLE IF NOT EXISTS `oc_simple_blog_category_description` (
  `simple_blog_category_description_id` int(16) NOT NULL AUTO_INCREMENT,
  `simple_blog_category_id` int(16) NOT NULL,
  `language_id` int(16) NOT NULL,
  `name` varchar(256) NOT NULL,
  `description` mediumtext NOT NULL,
  `meta_description` varchar(256) NOT NULL,
  `meta_keyword` varchar(256) NOT NULL,
  PRIMARY KEY (`simple_blog_category_description_id`)
) ENGINE=MyISAM  DEFAULT CHARSET=utf8 AUTO_INCREMENT=55 ;

--
-- Dumping data for table `oc_simple_blog_category_description`
--

INSERT INTO `oc_simple_blog_category_description` (`simple_blog_category_description_id`, `simple_blog_category_id`, `language_id`, `name`, `description`, `meta_description`, `meta_keyword`) VALUES
(49, 2, 1, 'Customer Service', '', '', ''),
(50, 2, 2, 'Customer Service', '', '', ''),
(51, 2, 3, 'Customer Service', '', '', ''),
(52, 4, 1, 'Management', '&lt;p&gt;&lt;br&gt;&lt;/p&gt;', '', ''),
(53, 4, 2, 'Management', '&lt;p&gt;&lt;br&gt;&lt;/p&gt;', '', ''),
(54, 4, 3, 'Management', '&lt;p&gt;&lt;br&gt;&lt;/p&gt;', '', ''),
(46, 3, 1, 'Consulting', '&lt;br&gt;', '', ''),
(47, 3, 2, 'Consulting', '', '', ''),
(48, 3, 3, 'Consulting', '&lt;br&gt;', '', ''),
(43, 1, 1, 'Branding', '', '', ''),
(44, 1, 2, 'Branding', '', '', ''),
(45, 1, 3, 'Branding', '', '', '');

-- --------------------------------------------------------

--
-- Table structure for table `oc_simple_blog_category_to_layout`
--

DROP TABLE IF EXISTS `oc_simple_blog_category_to_layout`;
CREATE TABLE IF NOT EXISTS `oc_simple_blog_category_to_layout` (
  `simple_blog_category_id` int(16) NOT NULL,
  `store_id` int(16) NOT NULL,
  `layout_id` int(16) NOT NULL
) ENGINE=MyISAM DEFAULT CHARSET=utf8;

-- --------------------------------------------------------

--
-- Table structure for table `oc_simple_blog_category_to_store`
--

DROP TABLE IF EXISTS `oc_simple_blog_category_to_store`;
CREATE TABLE IF NOT EXISTS `oc_simple_blog_category_to_store` (
  `simple_blog_category_id` int(16) NOT NULL,
  `store_id` int(16) NOT NULL
) ENGINE=MyISAM DEFAULT CHARSET=utf8;

--
-- Dumping data for table `oc_simple_blog_category_to_store`
--

INSERT INTO `oc_simple_blog_category_to_store` (`simple_blog_category_id`, `store_id`) VALUES
(2, 0),
(3, 0),
(1, 0),
(4, 0);

-- --------------------------------------------------------

--
-- Table structure for table `oc_simple_blog_comment`
--

DROP TABLE IF EXISTS `oc_simple_blog_comment`;
CREATE TABLE IF NOT EXISTS `oc_simple_blog_comment` (
  `simple_blog_comment_id` int(16) NOT NULL AUTO_INCREMENT,
  `simple_blog_article_id` int(16) NOT NULL,
  `simple_blog_article_reply_id` int(16) NOT NULL,
  `author` varchar(64) NOT NULL,
  `comment` mediumtext NOT NULL,
  `status` tinyint(1) NOT NULL,
  `date_added` datetime NOT NULL,
  `date_modified` datetime NOT NULL,
  PRIMARY KEY (`simple_blog_comment_id`)
) ENGINE=MyISAM  DEFAULT CHARSET=utf8 AUTO_INCREMENT=18 ;

--
-- Dumping data for table `oc_simple_blog_comment`
--

INSERT INTO `oc_simple_blog_comment` (`simple_blog_comment_id`, `simple_blog_article_id`, `simple_blog_article_reply_id`, `author`, `comment`, `status`, `date_added`, `date_modified`) VALUES
(1, 1, 0, 'Bernard Show', 'Thats awesome! Future belongs to youngsters, so businessmen cant ignore their needs in any case.', 1, '2015-09-17 10:05:35', '2015-09-28 17:18:32'),
(16, 2, 0, 'Max Harris', 'Will try to repeat your mantras every day. Hopefully they will help in my current project.', 1, '2015-09-28 17:20:59', '2015-09-28 17:20:59'),
(2, 3, 0, 'Zack Hernandez', 'The success of your business would solely depend on you. The only thing you can rely on is your power to achieve your goal&quot;  very true to life statement', 1, '2015-09-18 11:39:25', '2015-09-28 17:19:38'),
(3, 3, 0, 'James Anderson', ' I am thinking of starting my own business and will ponder on the authors notes. Concise and understandable, good job.', 1, '2015-09-18 11:48:36', '2015-09-28 17:20:05'),
(15, 2, 0, 'Taylor Miller', 'Follow your dream and it will turn to reality. A very inspiring article. Thanks for sharing!', 1, '2015-09-28 17:20:34', '2015-09-28 17:20:34'),
(4, 3, 0, 'Greg Wilson', 'Unbelievable Three simple guidelines to follow that can change your life. Worth trying out, sure they will work as everything genius is simple.', 1, '2015-09-18 12:08:42', '2015-09-28 17:19:53'),
(6, 1, 0, 'Michael Ventura', 'Completely agree with the author. Modern businessmen should involve young people, introduce brands to them, socialize Looks like a fresh product market!', 1, '2015-09-21 18:18:56', '2015-09-28 17:18:47'),
(14, 1, 1, 'Sarah Cole', 'The author did a great job with all these research work. Really valuable information, thank you!', 1, '2015-09-28 17:18:32', '2015-09-28 17:18:32'),
(17, 2, 0, 'Sidney Garcia', 'I thought I am just a dreamer, but now I know how to become a doer. Thats cool, appreciate it!', 1, '2015-09-28 17:21:18', '2015-09-28 17:21:18');

-- --------------------------------------------------------

--
-- Table structure for table `oc_simple_blog_related_article`
--

DROP TABLE IF EXISTS `oc_simple_blog_related_article`;
CREATE TABLE IF NOT EXISTS `oc_simple_blog_related_article` (
  `simple_blog_related_article_id` int(16) NOT NULL AUTO_INCREMENT,
  `simple_blog_article_id` int(16) NOT NULL,
  `simple_blog_article_related_id` int(16) NOT NULL,
  `sort_order` int(8) NOT NULL,
  `status` tinyint(1) NOT NULL,
  `date_added` datetime NOT NULL,
  PRIMARY KEY (`simple_blog_related_article_id`)
) ENGINE=MyISAM  DEFAULT CHARSET=utf8 AUTO_INCREMENT=35 ;

--
-- Dumping data for table `oc_simple_blog_related_article`
--

INSERT INTO `oc_simple_blog_related_article` (`simple_blog_related_article_id`, `simple_blog_article_id`, `simple_blog_article_related_id`, `sort_order`, `status`, `date_added`) VALUES
(29, 2, 1, 0, 1, '2015-09-28 17:12:45'),
(34, 4, 1, 0, 1, '2015-09-29 10:36:04'),
(31, 3, 2, 1, 1, '2015-09-28 17:14:21'),
(30, 3, 1, 2, 1, '2015-09-28 17:14:21'),
(28, 1, 7, 0, 1, '2015-09-28 17:10:13');

-- --------------------------------------------------------

--
-- Table structure for table `oc_simple_blog_view`
--

DROP TABLE IF EXISTS `oc_simple_blog_view`;
CREATE TABLE IF NOT EXISTS `oc_simple_blog_view` (
  `simple_blog_view_id` int(16) NOT NULL AUTO_INCREMENT,
  `simple_blog_article_id` int(16) NOT NULL,
  `view` int(16) NOT NULL,
  `date_added` datetime NOT NULL,
  `date_modified` datetime NOT NULL,
  PRIMARY KEY (`simple_blog_view_id`)
) ENGINE=MyISAM  DEFAULT CHARSET=utf8 AUTO_INCREMENT=11 ;

--
-- Dumping data for table `oc_simple_blog_view`
--

INSERT INTO `oc_simple_blog_view` (`simple_blog_view_id`, `simple_blog_article_id`, `view`, `date_added`, `date_modified`) VALUES
(1, 1, 76, '2015-09-16 18:15:21', '2015-09-30 17:48:39'),
(2, 3, 146, '2015-09-17 10:28:27', '2015-09-25 16:06:00'),
(3, 2, 4, '2015-09-21 16:08:28', '2015-09-28 17:21:28'),
(10, 6, 2, '2015-09-29 10:44:23', '2015-09-29 17:49:46'),
(5, 7, 8, '2015-09-21 17:30:47', '2015-09-29 10:44:19'),
(6, 5, 15, '2015-09-21 17:53:05', '2015-09-25 17:56:03'),
(7, 8, 1, '2015-09-22 12:42:49', '2015-09-22 12:42:49'),
(8, 4, 3, '2015-09-23 17:59:14', '2015-09-29 17:52:46'),
(9, 9, 1, '2015-09-25 17:55:16', '2015-09-25 17:55:16');